id,monthly_income_hist,monthly_fixed_exp,monthly_variable_exp,monthly_saving_hist,working_category,pay_on_time_bills,int_defaults,bnpl_exposure
0,"[2060.79, 1635.62, 626.73, 1626.0, 2673.92, 1552.47]",278.25,202.6,"[3245.83, 4434.9, 4575.74, 5638.62, 7953.45, 8969.53]",freelance,1.0,0,0.0
1,"[680.7, 701.35, 616.31, 911.55, 736.11, 883.33]",492.48,360.71,"[833.92, 795.65, 537.48, 727.28, 525.07, 346.63]",part_time,1.0,0,0.0
2,"[625.24, 679.02, 535.96, 628.58, 572.92, 753.72]",404.27,400.48,"[63.75, 30.95, -223.87, -434.2, -594.4, -840.48]",part_time,0.3333,0,0.0
3,"[685.86, 607.79, 634.19, 985.84, 853.53, 558.94]",307.91,380.76,"[1777.0, 1711.29, 1502.44, 1870.63, 2259.51, 2164.41]",freelance,1.0,0,0.0
4,"[1353.09, 1663.93, 1434.63, 1347.1, 1424.76, 1502.61]",510.04,415.09,"[703.84, 1021.09, 1381.6, 1618.39, 2234.3, 2524.81]",fixed_term,1.0,0,154.51
5,"[0.0, 1280.74, 1033.97, 637.47, 894.36, 690.29]",295.14,225.42,"[15.88, 693.07, 1095.73, 1285.41, 1504.06, 1606.43]",gig,1.0,1,53.49
6,"[927.14, 1056.59, 902.35, 1071.57, 949.27, 981.07]",280.12,326.31,"[1068.73, 1609.13, 1978.38, 2281.67, 2579.19, 3018.69]",fixed_term,1.0,0,0.0
7,"[1490.89, 928.77, 686.54, 2916.08, 861.04, 1125.4]",478.78,410.9,"[611.89, 658.72, 617.79, 2613.66, 2673.6, 2790.77]",freelance,1.0,0,0.0
8,"[677.85, 722.02, 594.78, 752.84, 736.43, 628.85]",528.9,211.94,"[211.51, 130.6, -54.06, -28.57, -16.19, -312.03]",part_time,0.6667,0,48.26
9,"[1211.74, 1525.29, 1699.54, 1777.6, 1751.03, 1636.48]",262.12,147.59,"[1233.25, 2315.18, 3611.16, 5027.96, 6415.22, 7594.9]",gig,1.0,0,0.0
10,"[856.62, 409.72, 0.0, 634.95, 395.29, 563.94]",529.0,348.09,"[1996.07, 1379.79, 147.5, -217.28, -793.61, -1239.61]",gig,0.5,1,139.31
11,"[901.28, 821.41, 859.7, 939.41, 945.4, 902.05]",327.28,205.24,"[2124.55, 2453.9, 2745.77, 3223.75, 3663.73, 4002.64]",fixed_term,1.0,0,0.0
12,"[1222.13, 1253.28, 1224.8, 1194.57, 1138.59, 1218.08]",340.96,540.75,"[2370.12, 2648.68, 3179.38, 3556.51, 3703.63, 3938.77]",fixed_term,1.0,0,0.0
13,"[829.89, 1063.75, 854.7, 887.12, 724.37, 0.0]",493.09,435.53,"[-317.17, -300.78, -440.36, -399.05, -914.08, -1922.0]",gig,0.0,2,120.18
14,"[964.92, 626.99, 650.17, 655.58, 0.0, 638.97]",446.12,501.83,"[495.6, 246.97, -112.52, -418.53, -1944.65, -2524.73]",freelance,0.3333,1,141.43
15,"[328.89, 479.96, 377.78, 273.2, 468.76, 427.04]",478.68,157.68,"[91.71, -25.71, -211.51, -672.53, -841.05, -1088.49]",gig,0.3333,0,0.0
16,"[1375.12, 0.0, 2035.46, 1308.48, 1070.4, 1186.57]",474.02,206.97,"[517.41, -202.61, 984.07, 1492.54, 1692.93, 2114.67]",gig,0.8333,1,132.67
17,"[669.22, 621.73, 562.56, 547.87, 682.83, 602.83]",467.2,508.88,"[164.42, -141.39, -303.01, -971.01, -1013.48, -1728.45]",part_time,0.1667,1,0.0
18,"[0.0, 1478.28, 1227.35, 1599.19, 0.0, 1308.36]",462.66,453.29,"[-1028.39, -561.26, -220.77, 664.9, -415.68, 198.0]",gig,0.3333,1,0.0
19,"[586.6, 1083.55, 1555.09, 758.9, 0.0, 0.0]",478.29,618.64,"[-387.19, -318.04, -187.29, -755.42, -1860.71, -2713.39]",gig,0.0,1,64.89
20,"[1353.06, 1988.73, 1211.06, 1184.43, 1726.62, 0.0]",347.15,176.11,"[701.14, 2080.37, 2663.67, 3295.52, 4386.53, 3604.25]",freelance,1.0,1,142.99
21,"[0.0, 3036.56, 1666.83, 985.37, 953.5, 2893.53]",447.7,192.19,"[-341.6, 2138.13, 3158.67, 3417.44, 3728.77, 5960.77]",freelance,0.8333,1,0.0
22,"[772.23, 0.0, 2150.29, 663.8, 0.0, 2292.83]",524.54,619.0,"[-6.69, -1343.24, -539.16, -1058.83, -1892.29, -739.98]",freelance,0.1667,2,0.0
23,"[431.09, 412.52, 487.86, 670.0, 413.91, 552.15]",403.77,694.19,"[-181.35, -1480.82, -2097.53, -2676.42, -3407.47, -4005.54]",gig,0.0,2,142.55
24,"[486.72, 373.59, 388.02, 530.14, 407.19, 420.06]",385.96,426.5,"[602.28, 90.91, -581.38, -873.98, -1058.93, -1597.29]",gig,0.3333,0,60.66
25,"[1601.73, 1256.42, 795.87, 1011.27, 0.0, 1235.58]",255.82,581.08,"[1460.27, 1565.41, 1309.77, 1458.94, 664.94, 633.25]",gig,1.0,1,121.2
26,"[581.62, 1914.25, 1213.87, 1218.68, 1875.29, 2374.65]",344.17,412.28,"[857.86, 1778.11, 2324.55, 2791.73, 3920.19, 5503.88]",freelance,1.0,0,0.0
27,"[901.28, 688.18, 599.07, 757.3, 723.45, 736.11]",394.44,710.27,"[53.73, -172.09, -424.54, -928.09, -1433.33, -1889.82]",part_time,0.1667,1,0.0
28,"[760.74, 830.05, 794.34, 825.44, 683.36, 641.86]",524.84,399.83,"[1472.36, 1342.22, 1158.57, 922.26, 550.96, 185.3]",part_time,1.0,0,70.23
29,"[850.66, 904.96, 947.45, 613.71, 873.11, 877.9]",454.13,376.89,"[199.89, 205.33, 363.96, -58.69, 76.98, 156.54]",part_time,0.8333,0,0.0
30,"[878.32, 0.0, 639.26, 708.1, 546.5, 643.3]",396.01,666.13,"[292.41, -991.58, -1225.08, -1424.54, -1835.39, -2497.65]",gig,0.1667,1,0.0
31,"[753.12, 745.97, 660.85, 656.27, 565.4, 634.18]",341.78,307.35,"[485.13, 656.46, 436.84, 539.3, 329.23, 447.54]",part_time,1.0,0,0.0
32,"[1360.94, 1537.74, 1447.28, 1418.11, 1224.87, 1421.64]",344.71,468.92,"[571.79, 1235.27, 1573.81, 1976.22, 2373.88, 2630.51]",fixed_term,1.0,0,199.49
33,"[842.35, 754.67, 889.89, 731.97, 775.32, 936.79]",524.57,314.09,"[1599.63, 1532.0, 1455.3, 1217.95, 1072.86, 1232.71]",part_time,1.0,0,63.69
34,"[1233.49, 1193.4, 1260.7, 1288.53, 1133.41, 1281.61]",361.01,401.72,"[545.46, 1046.76, 1501.82, 1895.54, 2252.72, 2901.4]",fixed_term,1.0,0,0.0
35,"[863.75, 670.87, 1032.61, 632.66, 1091.93, 913.19]",297.52,707.23,"[-95.24, -778.53, -411.37, -853.7, -780.3, -560.8]",freelance,0.0,1,0.0
36,"[1047.55, 1764.2, 3014.21, 1916.89, 1722.37, 1764.29]",285.04,312.81,"[503.73, 1654.71, 3948.1, 5349.19, 6554.2, 7826.76]",freelance,1.0,0,0.0
37,"[742.94, 988.07, 578.41, 780.78, 578.23, 610.33]",261.01,237.64,"[1739.01, 2192.23, 2240.77, 2585.61, 2690.14, 2777.67]",gig,1.0,0,0.0
38,"[0.0, 3166.24, 1828.77, 1624.8, 1143.4, 2000.17]",335.29,371.04,"[254.12, 2611.99, 3640.66, 4500.59, 4919.5, 5980.48]",freelance,1.0,0,80.33
39,"[1102.77, 1066.36, 1059.23, 1021.52, 1092.57, 1068.39]",403.88,231.27,"[2069.19, 2466.79, 2804.85, 2923.95, 3382.99, 3697.37]",fixed_term,1.0,0,76.59
40,"[1079.01, 1214.47, 1339.11, 1328.47, 1159.0, 1213.64]",385.32,263.81,"[1414.72, 1876.01, 2298.85, 2743.43, 3171.1, 3533.07]",fixed_term,1.0,0,181.7
41,"[833.06, 749.04, 1012.88, 835.95, 892.89, 895.53]",542.13,388.95,"[-79.92, -504.46, -395.6, -640.6, -529.51, -339.18]",part_time,0.0,0,0.0
42,"[745.41, 1667.04, 789.2, 1345.71, 1878.3, 815.56]",358.47,543.57,"[-374.51, -49.18, -213.68, 65.8, 881.78, 692.3]",gig,0.6667,0,191.71
43,"[817.22, 1199.39, 517.98, 0.0, 595.16, 889.05]",456.98,307.27,"[151.12, 549.43, 257.97, -485.96, -753.56, -685.04]",gig,0.5,0,41.44
44,"[718.78, 943.87, 940.21, 852.89, 540.77, 664.17]",300.83,264.67,"[2157.78, 2534.19, 2780.05, 3097.36, 3072.69, 3155.85]",freelance,1.0,0,0.0
45,"[930.06, 873.77, 698.88, 837.01, 925.82, 859.37]",255.91,205.5,"[584.32, 908.2, 1145.83, 1417.2, 1715.2, 1901.04]",part_time,1.0,1,89.81
46,"[624.28, 753.73, 983.54, 1188.73, 1243.9, 789.34]",482.92,525.17,"[284.18, -257.48, -256.02, -411.39, -234.91, -711.34]",gig,0.1667,0,123.68
47,"[629.41, 641.96, 595.05, 669.17, 670.11, 669.38]",473.9,352.54,"[-194.43, -224.27, -625.31, -782.29, -973.03, -991.44]",part_time,0.0,0,0.0
48,"[868.12, 964.37, 989.37, 888.07, 912.31, 1001.78]",266.65,229.52,"[542.71, 1121.02, 1611.9, 1981.3, 2252.82, 2886.58]",fixed_term,1.0,0,0.0
49,"[842.33, 933.68, 808.97, 684.08, 857.15, 811.25]",490.09,462.74,"[304.07, 141.48, -6.67, -144.51, -349.03, -569.79]",part_time,0.5,0,0.0
50,"[0.0, 0.0, 0.0, 959.48, 987.8, 1867.07]",387.74,205.01,"[-347.69, -1172.99, -1947.7, -1684.92, -1465.96, -287.24]",gig,0.0,2,146.99
51,"[1239.17, 1271.11, 1210.46, 1270.66, 1261.25, 1264.0]",257.55,491.54,"[989.39, 1405.97, 1850.74, 2372.15, 2723.58, 3403.65]",fixed_term,1.0,0,0.0
52,"[2028.31, 2290.91, 1641.23, 1254.78, 2291.72, 693.57]",370.06,344.24,"[1333.04, 2814.33, 3800.13, 4235.06, 5915.42, 5925.97]",freelance,1.0,0,0.0
53,"[1344.59, 1310.35, 1455.51, 1333.93, 1202.04, 1416.15]",452.73,279.52,"[2394.83, 2847.67, 3445.37, 3841.57, 4153.04, 4831.28]",fixed_term,1.0,0,106.22
54,"[0.0, 937.33, 1306.31, 1254.27, 761.68, 1046.29]",292.41,204.63,"[1387.08, 1869.92, 2740.14, 3526.36, 3671.22, 4261.43]",gig,1.0,0,0.0
55,"[745.16, 521.88, 349.49, 555.63, 331.52, 677.99]",495.99,436.44,"[244.63, -398.09, -915.61, -1225.95, -1929.34, -2081.83]",gig,0.1667,2,0.0
56,"[1131.73, 1061.87, 1207.34, 1657.22, 718.17, 1614.03]",273.86,179.54,"[2249.81, 2881.61, 3701.38, 4829.31, 5138.27, 6225.04]",freelance,1.0,0,0.0
57,"[777.49, 784.52, 955.5, 1122.09, 959.48, 996.9]",333.83,453.84,"[-112.47, -37.61, 198.16, 471.26, 788.6, 958.73]",part_time,0.8333,0,0.0
58,"[1754.68, 886.3, 1509.06, 812.35, 893.34, 884.09]",408.79,481.88,"[889.96, 850.26, 1372.05, 1144.8, 1084.83, 603.01]",gig,1.0,0,147.36
59,"[870.7, 899.57, 782.38, 902.93, 871.38, 769.74]",314.33,264.43,"[748.41, 1065.43, 1209.98, 1503.09, 1904.54, 2075.56]",part_time,1.0,0,0.0
60,"[867.39, 1251.36, 851.09, 1406.04, 508.47, 602.77]",419.28,378.63,"[612.25, 796.75, 824.54, 1509.34, 1286.81, 1216.57]",gig,1.0,0,48.35
61,"[1246.84, 1979.37, 1789.94, 0.0, 1592.97, 3032.82]",412.79,315.63,"[432.48, 1543.65, 2700.39, 1924.7, 2930.37, 5308.36]",freelance,1.0,0,0.0
62,"[1390.27, 1188.23, 962.97, 1725.9, 900.64, 644.77]",354.3,329.98,"[1544.99, 2051.25, 2244.38, 3120.61, 3187.69, 2984.11]",gig,1.0,0,143.17
63,"[967.22, 667.27, 786.92, 898.83, 637.14, 613.47]",390.38,427.75,"[412.59, 27.91, -70.3, 1.05, -174.22, -374.79]",gig,0.5,0,70.09
64,"[1359.46, 1342.91, 1250.48, 1325.19, 1274.3, 1180.67]",399.38,345.33,"[811.87, 1503.21, 2062.13, 2498.35, 3058.23, 3380.45]",fixed_term,1.0,0,0.0
65,"[657.48, 707.37, 785.97, 832.46, 710.03, 788.38]",490.22,311.4,"[-21.82, 15.57, 11.31, 42.2, -163.77, -176.89]",part_time,0.6667,0,0.0
66,"[995.48, 1142.94, 1338.55, 869.69, 889.72, 1007.89]",492.84,300.23,"[1487.89, 1941.1, 2516.06, 2560.18, 2766.73, 2879.77]",gig,1.0,0,0.0
67,"[723.26, 742.16, 1157.18, 507.13, 659.36, 725.61]",475.9,509.64,"[-31.4, -89.5, -46.39, -624.68, -892.17, -1301.8]",gig,0.3333,1,0.0
68,"[747.43, 732.92, 399.46, 456.48, 452.41, 534.7]",372.24,183.09,"[438.42, 568.47, 380.32, 228.83, 47.35, -31.26]",gig,1.0,0,45.59
69,"[0.0, 819.14, 1211.04, 1320.34, 961.21, 1251.69]",357.41,230.71,"[490.78, 702.56, 1376.5, 2137.87, 2456.16, 3133.2]",gig,1.0,0,0.0
70,"[0.0, 730.02, 993.78, 1255.88, 0.0, 1341.99]",482.01,412.51,"[1103.32, 1153.11, 1089.13, 1343.46, 412.56, 910.85]",gig,1.0,0,0.0
71,"[1053.87, 998.32, 1022.37, 919.3, 966.56, 966.09]",452.25,237.68,"[472.81, 588.8, 1047.56, 1343.74, 1647.19, 2046.15]",part_time,1.0,0,0.0
72,"[789.73, 681.81, 695.15, 707.91, 759.16, 695.45]",439.45,497.42,"[-232.88, -579.2, -1052.1, -1490.74, -1712.37, -1692.88]",part_time,0.0,1,103.34
73,"[614.23, 662.13, 595.73, 675.81, 782.73, 718.59]",367.63,187.51,"[321.58, 332.86, 439.02, 528.76, 745.97, 912.02]",part_time,1.0,0,0.0
74,"[0.0, 0.0, 0.0, 304.92, 435.07, 622.39]",512.74,253.04,"[-384.41, -1118.31, -1706.76, -2148.22, -2515.54, -2769.34]",gig,0.0,1,0.0
75,"[330.09, 1732.15, 0.0, 1943.75, 1209.88, 0.0]",479.13,258.86,"[-252.31, 769.12, -53.89, 1145.12, 1582.63, 646.34]",freelance,0.6667,0,42.22
76,"[587.84, 699.47, 733.59, 955.7, 776.43, 808.92]",372.82,178.14,"[85.66, 119.7, 360.08, 664.86, 830.86, 896.26]",part_time,1.0,0,81.33
77,"[991.78, 1278.68, 2191.63, 875.94, 1668.35, 2227.44]",432.09,325.49,"[160.07, 769.23, 2320.64, 2310.78, 3151.25, 4735.32]",freelance,1.0,0,0.0
78,"[467.11, 952.52, 541.0, 450.26, 868.67, 753.86]",361.24,406.33,"[644.72, 626.84, 513.74, 128.87, 384.8, 368.13]",gig,1.0,0,0.0
79,"[1683.67, 962.0, 1768.78, 464.59, 1128.52, 1796.9]",377.63,524.28,"[810.66, 711.14, 1715.96, 1438.42, 1692.32, 2605.78]",gig,1.0,0,0.0
80,"[1270.46, 1380.47, 1374.67, 1311.55, 1325.18, 1294.31]",398.07,700.13,"[1023.16, 1740.07, 2090.4, 2080.71, 1908.92, 2148.82]",fixed_term,1.0,0,0.0
81,"[1479.32, 903.99, 1323.26, 840.59, 1561.02, 1345.95]",367.37,383.56,"[925.66, 1206.06, 1754.96, 1850.54, 2556.09, 3061.24]",gig,1.0,0,0.0
82,"[1092.97, 736.54, 1396.81, 1094.14, 1117.91, 1110.69]",540.72,409.58,"[1207.85, 1134.03, 1107.55, 1388.21, 1455.2, 1592.49]",gig,1.0,0,80.8
83,"[753.96, 1105.7, 1135.61, 739.26, 545.5, 564.13]",538.79,320.18,"[86.59, 106.45, 178.49, -50.15, -463.69, -872.15]",gig,0.5,1,149.54
84,"[1575.87, 1322.79, 787.95, 1660.11, 1249.37, 694.64]",543.15,250.2,"[2554.21, 3092.36, 3012.75, 3837.64, 4117.48, 4048.08]",gig,1.0,0,39.99
85,"[657.48, 2553.79, 1605.09, 574.38, 796.81, 1995.34]",437.29,386.4,"[567.07, 2223.37, 2963.89, 2642.0, 2687.19, 3893.87]",freelance,1.0,0,0.0
86,"[657.26, 0.0, 583.68, 1534.3, 722.1, 611.36]",421.93,548.66,"[35.85, -907.74, -1636.58, -1344.94, -1479.58, -2128.44]",freelance,0.1667,2,188.59
87,"[0.0, 1103.29, 2299.58, 1429.63, 573.1, 0.0]",533.63,234.2,"[-549.5, -149.41, 1337.07, 2039.16, 1777.11, 875.42]",gig,0.6667,0,0.0
88,"[1026.63, 1007.73, 967.28, 1080.27, 1002.2, 1084.96]",479.7,491.07,"[410.91, 666.59, 713.9, 931.62, 1067.56, 971.95]",fixed_term,1.0,0,0.0
89,"[995.48, 943.9, 934.61, 874.66, 857.81, 1030.86]",434.4,586.56,"[-80.46, -256.74, -617.85, -791.77, -889.74, -796.59]",part_time,0.0,2,71.18
90,"[2163.19, 1192.19, 1279.49, 1663.63, 0.0, 1063.98]",476.93,282.36,"[2816.04, 3101.44, 3651.34, 4568.33, 3960.22, 4368.11]",gig,1.0,0,0.0
91,"[794.12, 1237.5, 584.1, 571.15, 523.29, 967.15]",482.05,439.55,"[213.24, 449.19, -170.05, -586.49, -963.87, -1219.91]",gig,0.3333,1,115.17
92,"[1129.61, 1026.83, 959.43, 768.73, 1074.29, 513.49]",322.26,444.5,"[791.67, 729.69, 974.03, 1117.72, 1262.68, 799.07]",gig,1.0,0,90.97
93,"[1189.07, 1456.91, 1444.29, 1864.06, 1354.09, 1213.38]",336.04,358.66,"[186.49, 655.44, 1256.72, 2512.39, 2912.4, 3361.41]",freelance,1.0,0,165.59
94,"[669.82, 565.75, 630.12, 630.09, 615.71, 725.95]",399.16,269.74,"[123.66, -164.45, -79.45, -93.43, -134.29, -43.28]",part_time,0.3333,1,0.0
95,"[897.26, 954.31, 903.24, 925.83, 932.24, 960.24]",439.08,212.4,"[1867.32, 1964.73, 2158.64, 2347.04, 2397.12, 2530.81]",fixed_term,1.0,0,146.03
96,"[967.01, 0.0, 511.15, 0.0, 709.94, 623.28]",397.32,299.86,"[1700.14, 1070.68, 756.27, 75.36, -201.55, -376.92]",gig,0.6667,0,76.04
97,"[531.81, 1009.26, 0.0, 810.29, 665.37, 551.11]",546.71,398.14,"[-107.8, 37.58, -918.35, -1087.36, -1244.95, -1813.53]",gig,0.1667,0,0.0
98,"[474.52, 582.17, 757.51, 636.67, 667.14, 0.0]",354.89,202.21,"[351.0, 385.24, 583.66, 636.78, 718.01, 205.3]",gig,1.0,0,0.0
99,"[788.29, 693.97, 683.28, 727.76, 594.04, 654.48]",318.83,568.51,"[1602.06, 1684.99, 1474.48, 1047.73, 838.93, 771.95]",part_time,1.0,0,0.0
100,"[1561.69, 1003.11, 938.68, 1280.42, 868.9, 1936.22]",377.84,278.65,"[1020.45, 1197.67, 1385.03, 1995.22, 2240.03, 3265.78]",gig,1.0,0,109.14
101,"[830.31, 690.2, 732.78, 790.72, 688.28, 653.42]",250.41,339.34,"[734.02, 680.53, 817.74, 723.99, 869.87, 908.23]",part_time,1.0,0,57.99
102,"[739.51, 1093.38, 981.61, 1541.23, 1181.56, 919.32]",488.57,197.5,"[486.28, 840.68, 1149.04, 1948.09, 2404.69, 2616.92]",gig,1.0,1,36.78
103,"[827.81, 999.89, 767.78, 889.56, 780.12, 956.61]",322.14,423.29,"[912.18, 911.29, 945.37, 1256.22, 1380.18, 1679.37]",part_time,1.0,0,0.0
104,"[912.32, 947.74, 839.91, 951.04, 728.44, 915.54]",423.78,564.88,"[467.93, 286.97, 366.34, 474.29, -112.8, -214.33]",part_time,0.6667,2,0.0
105,"[652.32, 731.68, 718.37, 837.11, 716.62, 828.91]",513.87,245.34,"[70.3, 7.09, 109.53, 121.61, 26.4, 115.52]",part_time,1.0,0,0.0
106,"[0.0, 1469.15, 836.82, 914.14, 775.63, 964.4]",496.44,512.57,"[-964.93, -627.38, -500.4, -594.52, -827.53, -982.67]",freelance,0.0,1,0.0
107,"[775.14, 744.55, 700.18, 717.43, 739.51, 744.2]",411.32,526.35,"[247.92, -124.44, -357.78, -574.19, -979.22, -1371.13]",part_time,0.1667,1,94.63
108,"[970.18, 916.49, 1006.65, 1075.27, 1029.16, 958.76]",523.41,486.04,"[300.81, 304.97, 14.89, 44.34, 169.89, 171.49]",part_time,1.0,0,0.0
109,"[800.6, 576.5, 1228.37, 0.0, 782.68, 843.94]",440.95,496.23,"[-23.54, -539.48, -316.72, -1295.01, -1726.41, -1671.33]",gig,0.1667,1,91.58
110,"[2294.57, 990.2, 1343.4, 0.0, 1739.41, 1357.97]",256.33,564.83,"[1784.05, 1910.98, 2251.08, 1420.71, 2145.74, 2392.99]",gig,1.0,0,144.95
111,"[1340.88, 1072.22, 1530.25, 1295.87, 1235.89, 1431.33]",344.86,252.37,"[1225.61, 1648.89, 2556.27, 3322.65, 3942.58, 4689.32]",freelance,1.0,0,0.0
112,"[197.72, 992.57, 588.39, 300.84, 688.85, 688.51]",461.3,159.84,"[-107.09, 119.33, 46.11, -419.94, -350.42, -501.77]",freelance,0.3333,1,113.41
113,"[981.82, 1035.44, 1028.23, 979.35, 1069.76, 1043.24]",491.13,358.06,"[177.05, 264.96, 573.88, 789.7, 1173.79, 1505.95]",part_time,1.0,0,0.0
114,"[560.95, 633.43, 768.5, 577.23, 643.48, 659.54]",431.98,434.57,"[533.08, 244.62, 212.87, -307.95, -776.12, -1005.52]",part_time,0.5,0,55.39
115,"[835.84, 379.99, 603.76, 696.2, 0.0, 884.4]",339.09,215.48,"[484.89, 326.55, 327.54, 481.54, -38.08, 230.17]",gig,1.0,0,0.0
116,"[801.49, 555.77, 756.24, 799.36, 803.4, 647.18]",336.87,263.52,"[313.25, 30.62, -108.92, 26.17, 188.01, -51.89]",part_time,0.6667,0,175.24
117,"[2054.68, 1206.9, 1766.63, 1272.83, 1322.5, 667.46]",397.55,448.95,"[980.49, 1323.83, 2125.18, 2441.27, 2903.74, 2406.2]",freelance,1.0,0,166.01
118,"[714.06, 911.98, 292.55, 435.39, 287.78, 663.59]",252.04,353.99,"[471.84, 780.71, 357.78, 101.75, -193.21, -121.09]",gig,0.6667,1,48.24
119,"[1321.05, 0.0, 3331.52, 730.35, 844.81, 1215.41]",393.82,183.47,"[2230.26, 1668.38, 4347.34, 4508.08, 4868.85, 5425.58]",freelance,1.0,0,0.0
120,"[700.44, 1037.72, 935.2, 741.19, 846.16, 702.54]",466.66,178.14,"[168.86, 586.67, 933.5, 995.38, 1132.8, 1200.51]",part_time,1.0,0,0.0
121,"[610.11, 857.61, 229.29, 400.96, 592.85, 1008.47]",344.5,474.57,"[151.02, 28.42, -595.78, -826.9, -1147.36, -932.09]",gig,0.3333,0,0.0
122,"[510.17, 519.28, 645.54, 497.52, 490.05, 523.22]",325.42,750.85,"[60.34, -858.29, -1648.38, -2491.68, -3178.89, -3682.41]",gig,0.1667,2,187.68
123,"[1993.2, 3094.89, 1181.83, 1801.65, 1491.21, 2319.43]",528.52,576.81,"[797.71, 2453.52, 2285.87, 3212.78, 3502.0, 4840.07]",gig,1.0,0,108.26
124,"[778.41, 819.77, 733.63, 874.39, 807.16, 727.91]",545.68,403.7,"[815.97, 671.94, 686.47, 604.92, 95.83, -24.26]",part_time,1.0,0,0.0
125,"[876.46, 789.19, 729.31, 751.45, 907.12, 811.16]",310.34,232.0,"[645.21, 813.05, 975.38, 1181.47, 1537.15, 1759.28]",part_time,1.0,0,40.88
126,"[1024.53, 735.12, 946.63, 466.84, 1399.13, 899.38]",532.61,606.98,"[1124.92, 712.88, 407.53, -399.66, 17.73, 32.87]",freelance,0.8333,0,0.0
127,"[796.52, 726.24, 858.05, 916.19, 920.36, 696.78]",439.97,668.02,"[1069.43, 809.17, 529.66, 197.13, -66.39, -601.86]",part_time,0.6667,0,30.25
128,"[547.79, 543.85, 406.55, 321.71, 680.38, 345.83]",492.08,490.97,"[-512.41, -720.86, -1100.62, -1845.11, -1928.45, -2731.76]",gig,0.0,1,0.0
129,"[903.75, 858.57, 931.68, 706.31, 824.88, 983.17]",549.14,357.41,"[142.05, -144.12, -188.43, -428.3, -560.18, -836.65]",part_time,0.1667,1,139.1
130,"[893.73, 864.79, 959.55, 1354.6, 723.61, 698.75]",507.86,256.39,"[860.98, 959.23, 1021.73, 1849.73, 1922.31, 1779.93]",gig,1.0,0,0.0
131,"[486.87, 1122.32, 238.42, 1307.03, 799.05, 600.08]",436.21,547.3,"[224.93, 411.14, -334.62, 99.94, -355.95, -643.26]",freelance,0.5,1,0.0
132,"[748.83, 826.61, 528.61, 694.45, 798.0, 893.49]",285.62,481.26,"[1675.73, 1789.24, 1514.28, 1493.75, 1326.56, 1456.05]",part_time,1.0,0,0.0
133,"[905.37, 984.31, 806.02, 976.74, 863.29, 980.02]",458.75,179.8,"[516.23, 676.16, 662.56, 721.66, 910.14, 1132.35]",part_time,1.0,0,162.25
134,"[941.41, 801.31, 0.0, 2233.79, 3525.74, 1441.14]",388.36,376.22,"[497.65, 669.27, 62.14, 1774.03, 4477.74, 4632.34]",freelance,1.0,0,0.0
135,"[1054.36, 0.0, 2419.47, 1171.96, 0.0, 822.17]",479.38,345.32,"[309.85, -672.28, 755.22, 880.76, -154.15, -181.21]",gig,0.5,1,144.95
136,"[1086.82, 1639.42, 866.9, 1041.48, 940.91, 963.49]",340.52,459.52,"[542.56, 1579.82, 1372.97, 1385.07, 1496.26, 1459.43]",gig,1.0,0,103.46
137,"[1206.14, 1390.78, 1545.91, 2149.01, 1207.07, 1890.02]",297.63,439.61,"[535.14, 1039.44, 2116.07, 3300.08, 4061.74, 5195.83]",freelance,1.0,0,0.0
138,"[538.72, 438.67, 292.93, 289.03, 387.59, 661.09]",466.81,517.05,"[-404.96, -841.2, -1714.53, -2703.04, -3478.9, -3673.27]",gig,0.0,1,113.24
139,"[0.0, 1634.36, 869.03, 1366.47, 2289.52, 1544.73]",340.99,473.16,"[198.79, 1039.05, 1150.86, 1762.88, 3256.54, 3769.93]",freelance,1.0,0,0.0
140,"[970.28, 1690.53, 1030.16, 1854.3, 1432.34, 2809.64]",522.07,271.88,"[305.16, 1156.9, 1348.77, 2487.39, 3065.62, 4960.52]",freelance,1.0,0,48.34
141,"[0.0, 1369.32, 0.0, 1537.67, 891.38, 1232.46]",463.16,300.0,"[-770.54, -201.74, -1078.77, -435.88, -298.85, 197.36]",gig,0.1667,1,42.44
142,"[1137.82, 892.37, 828.84, 843.41, 837.87, 808.89]",291.57,470.38,"[764.54, 977.8, 1021.44, 913.94, 959.15, 1060.3]",part_time,1.0,0,0.0
143,"[792.14, 870.09, 767.92, 821.81, 759.61, 906.75]",429.86,568.69,"[220.72, -259.56, -611.39, -1361.48, -1543.93, -1771.73]",part_time,0.1667,1,159.52
144,"[2002.58, 1379.34, 0.0, 0.0, 606.96, 1092.66]",460.95,623.59,"[2300.14, 2556.7, 1457.9, 647.89, -349.38, -91.38]",gig,0.6667,0,0.0
145,"[841.28, 0.0, 0.0, 1271.56, 1052.88, 1235.51]",314.59,331.94,"[712.75, 144.7, -605.2, -82.47, 294.24, 662.65]",gig,0.6667,0,59.58
146,"[353.89, 970.57, 803.79, 451.02, 886.88, 901.95]",295.6,228.02,"[66.7, 321.12, 735.38, 651.27, 1153.36, 1519.37]",gig,1.0,0,0.0
147,"[532.21, 469.7, 1443.97, 512.65, 1411.67, 1108.61]",448.48,293.88,"[627.69, 187.73, 893.88, 630.78, 1365.64, 1710.34]",freelance,1.0,0,0.0
148,"[1100.99, 1069.06, 1062.27, 1058.53, 981.57, 948.82]",270.19,379.93,"[912.06, 1289.66, 1823.22, 2347.24, 2712.19, 2789.59]",fixed_term,1.0,1,0.0
149,"[781.8, 632.28, 715.86, 639.51, 755.43, 846.34]",466.26,428.71,"[264.05, -224.05, -683.64, -1060.77, -1445.75, -1483.1]",part_time,0.1667,1,157.92
150,"[529.38, 421.12, 401.9, 390.76, 498.66, 368.52]",252.92,531.75,"[-181.41, -770.05, -1423.1, -1752.02, -2037.06, -2523.74]",gig,0.0,0,124.33
151,"[1003.3, 1143.3, 0.0, 653.86, 749.78, 993.68]",348.92,288.57,"[197.75, 664.34, 40.72, -91.53, -102.78, 51.88]",gig,0.6667,0,114.03
152,"[0.0, 1161.07, 720.57, 1061.27, 688.08, 0.0]",267.33,279.97,"[-281.43, 22.17, 188.82, 495.08, 443.97, -390.74]",gig,0.6667,1,191.57
153,"[991.59, 814.69, 899.11, 1269.85, 1239.43, 1071.4]",349.94,196.96,"[2187.19, 2341.87, 2596.12, 3249.91, 3953.3, 4489.61]",freelance,1.0,0,83.29
154,"[796.67, 1531.91, 384.4, 0.0, 1337.38, 0.0]",488.93,183.62,"[436.68, 1219.09, 805.71, 54.29, 621.71, -42.64]",gig,1.0,1,74.12
155,"[1021.82, 956.71, 942.34, 920.93, 809.53, 777.35]",408.07,482.09,"[683.21, 716.67, 817.55, 809.58, 382.45, 404.79]",part_time,1.0,0,0.0
156,"[1687.45, 651.87, 675.13, 925.66, 1019.06, 1915.7]",312.16,399.77,"[1285.36, 1322.17, 1292.49, 1520.02, 1849.76, 3057.19]",freelance,1.0,0,0.0
157,"[846.71, 971.58, 660.8, 774.92, 1168.79, 825.62]",284.18,619.23,"[285.02, 328.76, 65.26, 5.96, 398.1, 294.07]",gig,1.0,0,0.0
158,"[0.0, 1446.56, 1581.12, 1056.33, 1363.14, 1121.69]",454.13,290.67,"[-663.53, 35.68, 836.4, 1192.24, 1886.93, 2224.8]",freelance,0.8333,0,0.0
159,"[694.12, 411.5, 709.67, 413.54, 861.78, 963.74]",457.62,397.89,"[-14.65, -377.29, -558.74, -997.75, -873.94, -685.9]",freelance,0.1667,0,0.0
160,"[883.27, 1364.12, 0.0, 1225.31, 958.44, 856.03]",379.34,411.19,"[993.34, 1816.41, 1187.41, 1612.56, 1817.78, 1494.03]",gig,1.0,0,0.0
161,"[497.32, 334.83, 587.9, 509.98, 667.4, 327.3]",315.33,408.1,"[1621.0, 1027.18, 627.69, 341.84, 26.46, -689.85]",gig,0.8333,1,192.28
162,"[919.78, 928.86, 1054.21, 861.67, 928.95, 890.05]",528.53,325.8,"[1492.67, 1498.05, 1832.6, 1772.29, 1870.31, 1957.34]",part_time,1.0,0,0.0
163,"[0.0, 1088.63, 315.04, 949.33, 666.83, 538.03]",267.53,410.57,"[-736.56, -603.49, -1139.48, -1123.37, -1309.42, -1441.08]",freelance,0.0,1,155.63
164,"[977.98, 759.99, 771.43, 789.77, 726.58, 828.95]",267.42,568.35,"[1722.14, 1614.4, 1340.08, 1352.04, 997.7, 1066.35]",part_time,1.0,0,0.0
165,"[938.68, 1218.27, 1032.09, 1039.66, 1004.27, 1041.39]",321.83,388.61,"[787.0, 1226.33, 1417.54, 1617.69, 1721.7, 2305.46]",part_time,1.0,0,0.0
166,"[815.28, 909.55, 690.94, 810.38, 662.38, 923.35]",448.01,340.42,"[277.93, 304.52, 346.21, 385.92, 207.47, 255.74]",part_time,1.0,0,0.0
167,"[823.09, 750.98, 782.44, 886.91, 848.2, 810.23]",513.87,453.92,"[301.07, 217.6, -112.23, -283.3, -202.27, -610.68]",part_time,0.3333,0,0.0
168,"[0.0, 763.43, 766.62, 886.98, 1079.25, 793.95]",360.79,294.54,"[-578.43, -359.72, -216.63, 63.8, 523.31, 445.67]",gig,0.5,1,0.0
169,"[0.0, 1139.41, 0.0, 0.0, 945.41, 1619.94]",417.28,484.68,"[-890.7, -829.31, -2019.02, -2898.24, -2851.11, -2222.56]",gig,0.0,2,120.4
170,"[749.35, 958.9, 1214.18, 964.1, 1428.81, 0.0]",394.82,418.79,"[328.28, 434.73, 540.75, 578.83, 1223.19, 720.46]",gig,1.0,0,0.0
171,"[1576.58, 2246.83, 1346.32, 1868.26, 1090.1, 1396.64]",474.17,311.12,"[709.89, 2081.42, 2671.44, 3780.88, 4136.51, 4652.15]",freelance,1.0,0,77.07
172,"[690.04, 763.0, 552.37, 740.04, 527.19, 640.98]",425.3,377.62,"[281.09, 115.97, -111.65, -397.97, -676.19, -1091.42]",part_time,0.3333,1,74.42
173,"[623.97, 782.29, 617.69, 600.04, 555.7, 755.27]",480.69,256.26,"[361.43, 278.69, 36.77, -141.23, -596.02, -702.56]",part_time,0.5,1,107.08
174,"[559.29, 888.09, 762.68, 747.4, 648.23, 678.01]",516.1,446.33,"[-224.09, -225.02, -697.88, -740.35, -1101.6, -1255.72]",part_time,0.0,1,0.0
175,"[0.0, 1121.93, 3243.1, 1244.32, 1340.64, 0.0]",463.33,260.95,"[-678.04, -267.85, 2237.6, 2796.12, 3335.8, 2720.61]",gig,0.6667,0,0.0
176,"[1158.06, 1076.46, 1168.84, 1100.18, 1045.12, 957.72]",295.23,366.61,"[637.0, 1309.96, 1787.97, 2111.43, 2450.05, 2877.88]",fixed_term,1.0,0,0.0
177,"[947.97, 849.72, 715.12, 751.3, 787.89, 799.71]",286.24,389.95,"[440.12, 463.04, 417.07, 310.88, 126.9, -168.25]",gig,0.8333,1,183.26
178,"[1386.22, 1424.65, 1442.84, 1367.02, 1363.9, 1426.58]",389.0,173.82,"[921.21, 1584.23, 2244.67, 2802.01, 3485.96, 4280.65]",fixed_term,1.0,0,185.02
179,"[1007.74, 1011.25, 794.32, 835.89, 1001.28, 1067.51]",446.16,386.53,"[1962.03, 2047.94, 2067.25, 2018.83, 2182.98, 2376.69]",part_time,1.0,0,0.0
180,"[593.22, 0.0, 624.6, 0.0, 414.34, 558.86]",441.61,386.76,"[-349.45, -1412.61, -1617.3, -2663.11, -3507.08, -3899.64]",gig,0.0,2,198.61
181,"[1911.47, 726.78, 771.72, 1270.79, 1010.4, 1574.47]",407.35,267.37,"[1343.58, 1343.27, 1369.54, 1918.16, 1958.23, 2770.38]",gig,1.0,0,149.4
182,"[943.89, 863.43, 872.25, 706.52, 880.76, 837.93]",392.52,248.57,"[705.96, 927.17, 1017.01, 1230.75, 1504.45, 1733.21]",part_time,1.0,0,0.0
183,"[754.66, 554.59, 811.56, 918.32, 878.59, 986.49]",411.99,478.85,"[-162.65, -441.79, -658.6, -564.0, -522.75, -371.94]",part_time,0.0,1,0.0
184,"[749.63, 1113.2, 1043.8, 892.0, 993.58, 0.0]",454.0,252.65,"[305.23, 690.91, 1166.17, 1153.75, 1403.37, 692.34]",gig,1.0,0,39.65
185,"[948.05, 978.79, 893.96, 965.72, 913.25, 957.18]",348.28,297.77,"[478.99, 854.38, 1053.1, 1278.9, 1547.81, 1914.09]",fixed_term,1.0,0,0.0
186,"[713.68, 768.72, 778.26, 778.55, 745.97, 779.15]",364.48,226.33,"[149.54, 412.77, 657.04, 897.92, 1066.56, 1247.09]",part_time,1.0,0,0.0
187,"[924.42, 1123.43, 0.0, 0.0, 2491.8, 996.53]",363.6,252.78,"[1073.29, 1493.95, 762.86, 188.86, 2075.2, 2385.55]",gig,1.0,0,32.44
188,"[502.04, 654.21, 633.41, 894.55, 598.28, 647.66]",316.9,459.0,"[659.41, 708.25, 456.97, 586.48, 257.17, 106.09]",part_time,1.0,0,0.0
189,"[1398.46, 0.0, 1567.38, 1573.77, 665.16, 0.0]",411.17,456.27,"[755.16, -126.35, 772.54, 1333.03, 1209.12, 455.45]",freelance,0.8333,1,0.0
190,"[1285.83, 1588.77, 1563.08, 1670.66, 1327.78, 1205.19]",467.74,316.56,"[608.72, 1374.18, 2167.06, 3096.84, 3767.67, 4249.22]",freelance,1.0,0,0.0
191,"[1883.87, 1937.61, 2612.58, 2028.15, 1882.92, 2533.95]",281.25,354.7,"[1990.72, 3208.24, 5210.89, 6695.85, 7877.6, 9665.57]",freelance,1.0,0,0.0
192,"[448.78, 376.58, 481.63, 700.12, 0.0, 358.62]",347.69,261.85,"[-121.9, -420.52, -585.28, -444.0, -1101.83, -1269.17]",gig,0.0,0,0.0
193,"[818.72, 651.01, 745.87, 711.78, 644.81, 623.85]",476.99,321.38,"[1923.68, 1692.87, 1497.08, 1402.21, 859.28, 568.62]",part_time,1.0,0,117.32
194,"[1840.21, 1711.63, 0.0, 2222.94, 1818.43, 1992.91]",385.29,284.34,"[1279.25, 2079.13, 1369.14, 2779.83, 3914.81, 5308.53]",freelance,1.0,0,65.42
195,"[839.87, 723.87, 528.32, 748.31, 683.92, 657.57]",517.47,592.5,"[288.95, -228.25, -539.22, -752.18, -1507.58, -1794.85]",part_time,0.1667,1,0.0
196,"[671.84, 767.39, 774.66, 558.0, 692.35, 770.87]",382.07,520.18,"[237.8, 214.77, 257.72, -384.83, -472.96, -410.14]",part_time,0.5,0,0.0
197,"[1077.35, 1239.85, 0.0, 2493.32, 1555.91, 2201.61]",480.39,346.6,"[2378.11, 2989.98, 1839.56, 3422.24, 3960.79, 5569.08]",freelance,1.0,0,0.0
198,"[581.35, 944.43, 658.7, 621.36, 728.63, 643.97]",497.39,406.88,"[-72.79, 113.76, -214.46, -596.22, -695.61, -959.62]",gig,0.1667,0,0.0
199,"[1033.85, 0.0, 2497.91, 819.7, 1979.41, 0.0]",390.93,210.79,"[339.9, -524.06, 1147.17, 1270.24, 2491.0, 1707.89]",freelance,0.8333,0,177.97
200,"[1379.49, 1008.01, 697.43, 679.86, 1151.94, 1201.84]",544.8,309.33,"[506.43, 468.85, 161.46, -165.3, -127.61, 24.14]",gig,0.6667,2,178.68
201,"[0.0, 1279.09, 1230.73, 992.06, 1403.32, 1130.97]",393.31,256.18,"[-625.89, 40.85, 609.7, 874.53, 1613.14, 2141.68]",gig,0.8333,0,0.0
202,"[666.87, 0.0, 428.08, 589.58, 852.54, 738.15]",261.74,612.09,"[-73.33, -901.2, -1027.58, -1456.46, -1810.57, -2187.82]",gig,0.0,1,85.08
203,"[1349.69, 454.07, 2064.18, 1845.19, 1375.12, 1420.66]",480.91,374.14,"[877.81, 592.01, 1801.13, 2671.17, 3171.8, 3733.23]",freelance,1.0,0,0.0
204,"[881.31, 1144.45, 1106.68, 1020.51, 1209.92, 1007.35]",514.62,507.68,"[-7.33, 325.1, 520.0, 641.35, 493.27, 422.11]",part_time,1.0,0,0.0
205,"[0.0, 1124.93, 1029.01, 828.01, 1033.91, 989.0]",356.19,445.49,"[-813.93, -575.98, -460.1, -422.55, -359.09, -162.69]",gig,0.0,1,68.76
206,"[790.43, 657.11, 1130.6, 938.91, 700.71, 710.81]",437.52,386.09,"[156.88, -89.07, 303.69, 544.88, 244.31, 241.97]",gig,0.8333,1,0.0
207,"[745.09, 873.97, 1030.91, 966.54, 999.77, 1054.51]",362.28,220.49,"[205.9, 514.06, 948.98, 1378.23, 1839.2, 2176.36]",part_time,1.0,0,0.0
208,"[560.76, 669.12, 536.8, 599.81, 624.1, 618.44]",348.96,238.65,"[477.97, 534.76, 575.16, 660.1, 563.65, 544.23]",part_time,1.0,0,0.0
209,"[678.75, 659.02, 674.01, 689.69, 693.74, 746.6]",472.23,578.69,"[-379.02, -1067.82, -1583.68, -1778.72, -2368.52, -2349.47]",part_time,0.0,1,50.69
210,"[835.92, 871.88, 442.46, 723.34, 754.12, 805.4]",348.99,313.16,"[971.68, 1177.23, 777.21, 663.86, 931.89, 1167.74]",part_time,1.0,0,0.0
211,"[630.37, 692.24, 760.38, 760.32, 810.82, 822.24]",482.78,205.25,"[1009.73, 898.82, 1049.73, 1116.47, 1301.96, 1492.15]",part_time,1.0,0,0.0
212,"[0.0, 829.73, 1659.42, 453.88, 700.37, 0.0]",327.82,583.81,"[-612.19, -941.57, -67.52, -399.64, -851.43, -1528.69]",gig,0.0,1,0.0
213,"[918.6, 837.56, 970.02, 1019.42, 889.32, 981.59]",341.37,235.64,"[1783.15, 1984.45, 2444.86, 2862.84, 3070.15, 3517.46]",fixed_term,1.0,0,0.0
214,"[512.66, 1232.27, 516.91, 0.0, 873.85, 467.72]",329.28,207.42,"[-128.35, 386.87, 87.86, -519.88, -332.49, -637.85]",gig,0.3333,1,191.98
215,"[973.16, 1039.39, 1093.29, 958.24, 948.26, 871.58]",482.17,358.69,"[532.38, 503.51, 776.07, 852.9, 710.92, 397.89]",part_time,1.0,0,145.55
216,"[1305.13, 1307.82, 1248.89, 1259.35, 1308.33, 1294.26]",398.81,481.19,"[2044.55, 2486.13, 2833.71, 3280.8, 3798.24, 4130.08]",fixed_term,1.0,0,0.0
217,"[1903.66, 1977.66, 1871.97, 0.0, 2839.06, 658.51]",308.34,295.66,"[1633.27, 2928.09, 4282.5, 3722.58, 5991.99, 5872.54]",freelance,1.0,0,0.0
218,"[1202.78, 1054.51, 2690.47, 1459.87, 1434.21, 1122.39]",474.98,255.81,"[959.82, 1200.84, 3250.91, 3801.15, 4494.72, 4785.53]",gig,1.0,0,42.7
219,"[1397.45, 1434.83, 1432.67, 1596.71, 1443.53, 1399.45]",538.62,193.14,"[388.61, 962.25, 1539.65, 2153.87, 2702.89, 3254.95]",fixed_term,1.0,0,179.21
220,"[765.18, 472.88, 670.44, 891.04, 675.48, 574.12]",276.65,424.66,"[189.78, -56.18, 12.25, 230.6, 84.82, -12.46]",part_time,0.8333,0,0.0
221,"[851.63, 769.97, 0.0, 1304.46, 1075.82, 705.23]",513.63,233.83,"[94.42, 20.1, -997.29, -618.62, -352.09, -661.14]",gig,0.3333,1,153.52
222,"[800.32, 884.6, 1321.31, 1101.17, 1330.11, 749.42]",254.62,398.06,"[547.18, 834.73, 1395.94, 1730.72, 2540.82, 2696.55]",freelance,1.0,0,0.0
223,"[1973.87, 1797.92, 1381.36, 1692.1, 0.0, 3956.31]",536.75,507.84,"[1306.59, 1779.95, 2379.03, 2959.21, 1884.95, 4624.51]",freelance,1.0,0,0.0
224,"[1051.54, 893.67, 831.62, 967.62, 1020.57, 816.31]",457.97,199.57,"[1712.43, 1767.55, 2018.57, 2258.39, 2497.5, 2570.54]",part_time,1.0,0,64.8
225,"[1274.34, 1345.91, 762.4, 1326.5, 1921.32, 742.11]",285.2,376.19,"[1588.05, 2459.22, 2604.9, 3225.35, 4251.53, 4350.54]",gig,1.0,0,0.0
226,"[0.0, 1461.37, 701.39, 93.12, 993.07, 94.9]",419.7,188.3,"[-457.74, 478.47, 641.39, 79.49, 529.61, -41.5]",freelance,0.8333,0,0.0
227,"[952.79, 982.11, 916.47, 893.47, 903.16, 996.35]",505.09,346.63,"[452.32, 625.7, 526.51, 614.93, 750.75, 879.97]",part_time,1.0,0,0.0
228,"[1104.28, 642.33, 795.98, 0.0, 794.83, 778.85]",256.02,435.75,"[506.28, 197.1, -6.14, -725.27, -613.91, -740.44]",gig,0.5,1,142.81
229,"[1206.59, 1214.41, 1157.84, 1268.76, 1277.34, 1274.22]",290.35,446.92,"[863.86, 1490.8, 1733.23, 2173.36, 2706.34, 3297.16]",fixed_term,1.0,0,0.0
230,"[0.0, 1237.31, 550.76, 901.78, 1236.72, 1102.93]",277.98,385.51,"[-717.6, -196.51, -139.94, 26.01, 700.61, 1232.62]",gig,0.5,0,0.0
231,"[0.0, 931.92, 960.23, 1454.31, 0.0, 951.28]",329.26,226.7,"[-17.55, 351.8, 911.55, 1753.65, 1124.26, 1414.5]",gig,1.0,0,0.0
232,"[464.01, 1138.84, 694.95, 859.22, 952.57, 1173.44]",480.31,501.02,"[70.47, 139.41, -527.56, -734.65, -1010.46, -1137.96]",gig,0.3333,1,162.12
233,"[909.72, 736.53, 1039.17, 854.39, 837.52, 727.1]",392.4,521.57,"[624.58, 620.69, 756.85, 631.66, 170.6, -194.04]",part_time,0.8333,0,50.02
234,"[0.0, 1616.13, 629.06, 687.24, 553.84, 506.34]",380.55,346.13,"[-241.84, 700.74, 429.78, 298.41, 199.52, 25.01]",freelance,0.8333,1,0.0
235,"[950.67, 742.11, 1096.73, 902.36, 709.1, 1102.62]",320.51,540.44,"[561.45, 238.07, 192.22, 186.2, -234.48, -167.72]",part_time,0.6667,0,146.24
236,"[659.95, 808.65, 704.95, 678.38, 867.25, 913.39]",506.97,441.06,"[-501.23, -650.94, -644.13, -751.86, -773.29, -996.64]",part_time,0.0,0,0.0
237,"[704.77, 515.65, 829.92, 709.76, 765.7, 342.48]",370.48,503.15,"[740.82, 412.22, 126.36, -24.03, 2.68, -356.02]",freelance,0.8333,0,0.0
238,"[814.4, 689.61, 759.79, 837.82, 640.17, 880.3]",488.82,524.29,"[-343.18, -589.61, -836.98, -1100.69, -1331.15, -1439.41]",part_time,0.0,1,0.0
239,"[1348.68, 1289.29, 1093.86, 1111.23, 1280.61, 1103.43]",390.62,142.46,"[869.21, 1596.32, 2182.51, 2738.42, 3495.71, 3894.7]",fixed_term,1.0,0,39.29
240,"[739.82, 771.93, 653.77, 802.25, 763.89, 692.19]",307.51,566.91,"[319.19, -50.73, -270.61, -262.41, -514.45, -553.74]",part_time,0.1667,0,0.0
241,"[1207.21, 1258.38, 1215.11, 1123.81, 1177.03, 1217.64]",290.77,395.67,"[1531.64, 1937.49, 2494.46, 2841.25, 3286.05, 3880.24]",fixed_term,1.0,0,0.0
242,"[564.51, 2044.99, 975.22, 1893.04, 781.27, 738.57]",541.69,224.28,"[33.14, 1216.54, 1565.42, 2682.48, 2694.15, 2690.51]",freelance,1.0,0,0.0
243,"[921.93, 1858.86, 1285.2, 1600.22, 789.32, 1352.75]",514.59,349.43,"[135.18, 1214.55, 1618.01, 2371.66, 2239.6, 2784.96]",freelance,1.0,0,0.0
244,"[633.29, 707.85, 823.26, 0.0, 0.0, 1081.74]",310.28,455.77,"[205.02, 389.58, 681.99, -626.27, -1361.61, -1149.62]",gig,0.5,1,0.0
245,"[962.19, 994.15, 1015.03, 986.66, 937.83, 1007.7]",426.81,225.78,"[2021.65, 2384.75, 2677.01, 3094.1, 3446.7, 3742.02]",fixed_term,1.0,0,0.0
246,"[958.72, 991.9, 927.37, 905.99, 952.51, 1030.29]",456.95,323.94,"[762.85, 941.21, 1118.51, 1356.54, 1620.17, 1697.33]",part_time,1.0,0,0.0
247,"[1259.78, 2364.81, 2748.38, 1342.5, 2027.67, 1177.65]",465.0,256.26,"[555.79, 1991.2, 3982.77, 4514.28, 5671.89, 5878.46]",gig,1.0,0,150.06
248,"[659.74, 554.16, 672.06, 521.28, 606.75, 664.77]",400.98,197.3,"[474.8, 400.47, 430.3, 334.49, 288.7, 296.97]",part_time,1.0,0,30.33
249,"[727.76, 925.5, 453.18, 542.13, 0.0, 1408.43]",478.27,599.0,"[-103.96, -254.67, -1054.94, -1647.81, -2425.67, -2308.93]",freelance,0.0,1,0.0
250,"[1415.1, 1440.84, 1450.1, 1478.26, 1540.51, 1434.31]",419.24,494.08,"[2018.69, 2390.9, 2696.4, 3502.94, 4183.73, 4789.21]",fixed_term,1.0,0,0.0
251,"[0.0, 3021.54, 1022.24, 1594.97, 1829.99, 0.0]",260.69,509.09,"[-879.26, 1432.65, 1791.97, 2601.56, 3550.3, 2889.59]",freelance,0.8333,0,0.0
252,"[1630.09, 1642.84, 1904.99, 1055.22, 1268.11, 1331.14]",504.74,300.42,"[1454.26, 2337.9, 3382.06, 3638.32, 4066.87, 4436.98]",gig,1.0,0,0.0
253,"[1415.28, 967.68, 1704.5, 1667.07, 986.24, 1167.89]",275.9,558.33,"[554.09, 831.67, 1810.35, 2569.87, 2286.67, 2762.02]",gig,1.0,0,45.67
254,"[965.58, 484.55, 523.25, 998.16, 507.43, 0.0]",459.43,415.73,"[256.98, -112.76, -646.15, -531.94, -1045.42, -1895.47]",gig,0.1667,0,69.99
255,"[1505.69, 1339.7, 1214.33, 1271.51, 1219.04, 1280.31]",345.83,240.93,"[938.68, 1797.83, 2369.35, 3092.52, 3755.23, 4410.86]",fixed_term,1.0,0,0.0
256,"[1177.16, 1375.16, 1220.04, 1319.75, 1348.03, 1272.01]",351.08,290.39,"[1532.05, 2217.42, 2896.28, 3596.61, 4376.93, 4837.65]",fixed_term,1.0,0,0.0
257,"[719.66, 655.29, 549.98, 676.1, 771.39, 918.94]",351.26,213.94,"[1784.02, 2032.62, 2010.0, 1965.47, 2211.78, 2607.4]",gig,1.0,0,0.0
258,"[1232.59, 843.14, 1890.04, 1652.71, 1385.48, 2116.85]",364.2,556.73,"[693.02, 749.27, 1502.88, 2334.71, 2910.18, 3866.94]",gig,1.0,0,0.0
259,"[1071.71, 850.9, 1236.7, 797.21, 751.71, 0.0]",534.5,408.98,"[1499.1, 1281.52, 1518.58, 1437.0, 1301.58, 214.61]",gig,1.0,1,30.59
260,"[709.76, 666.57, 628.86, 756.08, 705.98, 705.24]",338.32,290.48,"[87.35, 78.8, 64.7, 324.23, 456.37, 431.61]",part_time,1.0,0,0.0
261,"[741.55, 774.26, 751.19, 839.64, 774.03, 749.4]",515.72,272.54,"[737.29, 656.91, 522.06, 454.98, 224.64, 5.17]",part_time,1.0,0,149.01
262,"[1257.83, 1468.18, 1457.32, 1356.15, 1283.04, 1213.64]",418.94,247.12,"[967.0, 1912.76, 2660.93, 3425.06, 3876.3, 4459.32]",fixed_term,1.0,0,0.0
263,"[1311.52, 1517.32, 1380.24, 1502.92, 1403.42, 1422.62]",282.65,257.78,"[807.72, 1878.63, 2626.25, 3640.88, 4512.29, 5389.8]",fixed_term,1.0,0,0.0
264,"[924.56, 959.35, 898.51, 845.43, 942.04, 923.25]",546.12,262.73,"[176.02, 265.06, 451.88, 276.1, 328.79, 251.16]",part_time,1.0,2,76.13
265,"[0.0, 793.34, 1179.77, 589.36, 1869.42, 794.34]",325.51,413.07,"[552.08, 730.26, 1148.05, 1070.82, 2146.75, 1766.79]",freelance,1.0,0,70.16
266,"[771.03, 731.21, 837.93, 887.14, 1162.59, 1095.89]",378.19,246.1,"[139.31, 81.89, 113.54, 335.57, 686.06, 1073.45]",gig,1.0,1,122.31
267,"[940.22, 735.45, 1076.74, 906.45, 709.3, 1064.67]",539.94,445.45,"[95.9, -97.12, 45.41, -153.23, -441.27, -249.22]",gig,0.3333,1,0.0
268,"[873.26, 0.0, 793.17, 0.0, 0.0, 1268.52]",347.54,484.83,"[441.63, -432.25, -377.36, -1051.53, -1910.82, -1692.54]",gig,0.1667,2,0.0
269,"[956.94, 1008.35, 1026.03, 955.77, 913.33, 897.01]",318.5,461.49,"[485.47, 690.9, 903.4, 1307.67, 1488.92, 1553.25]",part_time,1.0,0,0.0
270,"[901.84, 896.68, 883.7, 827.57, 906.2, 878.65]",530.16,300.2,"[437.82, 385.38, 445.61, 511.73, 652.6, 617.07]",part_time,1.0,0,0.0
271,"[802.89, 1093.06, 895.18, 993.98, 984.97, 822.82]",391.9,472.24,"[403.75, 959.68, 1150.68, 1353.41, 1510.55, 1236.18]",part_time,1.0,0,0.0
272,"[1109.28, 3021.25, 1061.09, 1395.34, 2249.26, 626.48]",492.69,247.26,"[194.89, 2398.66, 2619.0, 3152.35, 4563.64, 4276.48]",gig,1.0,0,131.15
273,"[719.81, 939.46, 1687.62, 1192.36, 1513.66, 1129.33]",492.87,406.86,"[172.95, 120.14, 766.8, 1368.15, 1982.9, 2242.75]",gig,1.0,0,0.0
274,"[626.17, 781.54, 818.59, 557.91, 562.88, 740.35]",301.65,484.41,"[-174.75, -305.71, -223.54, -397.08, -725.11, -617.67]",part_time,0.0,1,0.0
275,"[858.4, 599.14, 1401.32, 740.16, 300.4, 931.28]",376.12,352.38,"[1901.91, 1813.32, 2540.94, 2395.18, 1950.8, 2156.74]",freelance,1.0,0,0.0
276,"[795.78, 0.0, 682.27, 738.61, 777.56, 689.71]",374.42,269.17,"[1610.01, 860.83, 756.59, 702.07, 693.8, 580.99]",gig,1.0,1,174.74
277,"[1190.47, 1277.53, 1207.34, 1276.64, 1224.84, 1167.87]",491.7,223.6,"[559.0, 1215.22, 1765.19, 2349.25, 2766.37, 3251.96]",fixed_term,1.0,0,0.0
278,"[911.16, 953.21, 897.58, 957.52, 872.31, 746.28]",433.35,412.33,"[459.62, 551.22, 459.04, 382.87, 109.02, 28.01]",part_time,1.0,0,117.75
279,"[1518.08, 1641.25, 2062.63, 1326.46, 2160.24, 1443.59]",498.38,352.63,"[744.99, 1569.57, 2843.3, 3488.44, 4761.96, 5329.03]",freelance,1.0,0,0.0
280,"[0.0, 0.0, 610.79, 537.61, 749.8, 501.79]",474.6,295.97,"[-499.33, -1295.26, -1493.71, -1744.1, -1715.54, -1914.54]",gig,0.0,2,0.0
281,"[478.66, 0.0, 581.91, 818.37, 798.39, 568.72]",511.55,344.28,"[-393.17, -1534.2, -1993.49, -2107.99, -2065.6, -2548.33]",gig,0.0,2,117.81
282,"[651.78, 503.31, 629.9, 716.46, 695.11, 582.52]",328.97,295.13,"[227.55, 144.12, 117.26, 176.04, 327.0, 160.71]",part_time,1.0,0,0.0
283,"[3311.52, 621.87, 1522.98, 530.99, 866.21, 1935.6]",328.06,242.62,"[3287.97, 3311.34, 4264.36, 4291.79, 4547.06, 5996.99]",gig,1.0,0,0.0
284,"[997.34, 1229.33, 1055.68, 1917.8, 0.0, 1154.43]",398.81,223.33,"[992.8, 1650.1, 1890.7, 3154.04, 2467.78, 2862.46]",gig,1.0,0,74.8
285,"[667.06, 574.78, 782.35, 664.7, 626.71, 662.88]",262.46,261.56,"[444.4, 532.17, 867.95, 891.89, 1018.49, 1118.78]",part_time,1.0,0,0.0
286,"[0.0, 1658.42, 406.78, 1108.68, 524.8, 481.24]",289.6,159.2,"[-185.79, 1010.11, 929.51, 1625.32, 1708.71, 1725.89]",freelance,0.8333,0,0.0
287,"[669.81, 647.78, 1093.18, 1269.15, 0.0, 683.5]",524.95,222.39,"[92.88, -187.93, 71.79, 615.2, -76.94, -129.98]",gig,0.5,1,57.36
288,"[1345.42, 1162.72, 1094.82, 1298.92, 1066.83, 493.2]",475.26,498.71,"[829.86, 916.24, 1070.96, 1148.44, 1254.18, 869.83]",freelance,1.0,0,0.0
289,"[0.0, 1176.56, 693.18, 1348.78, 1054.73, 856.57]",264.18,241.16,"[-400.98, -79.05, 76.2, 797.04, 1329.72, 1665.78]",gig,0.6667,0,109.69
290,"[819.82, 1039.36, 1421.47, 1448.08, 559.9, 1024.79]",517.62,650.21,"[-381.31, -378.63, -113.06, -137.96, -788.02, -1612.76]",gig,0.0,1,153.85
291,"[1420.1, 1422.05, 1356.03, 1520.51, 1465.49, 1297.81]",390.04,573.54,"[1108.09, 1620.34, 1847.56, 2456.98, 2864.82, 3144.66]",fixed_term,1.0,0,0.0
292,"[1233.89, 1154.93, 1152.55, 1227.79, 1092.73, 1249.6]",406.14,339.84,"[311.57, 685.97, 745.77, 1101.73, 1318.34, 1574.62]",fixed_term,1.0,0,187.13
293,"[1590.57, 0.0, 4004.03, 1291.82, 2073.65, 728.58]",434.2,202.35,"[1478.48, 779.07, 4177.58, 4818.62, 6217.5, 6345.35]",freelance,1.0,0,0.0
294,"[1404.12, 669.28, 973.51, 891.57, 995.0, 1066.3]",316.34,405.81,"[2077.15, 1847.83, 2358.48, 2698.03, 2818.45, 2983.08]",gig,1.0,0,0.0
295,"[600.52, 768.77, 1112.65, 779.44, 1164.96, 1924.12]",540.36,370.0,"[-329.7, -611.25, -430.55, -508.33, -631.05, -1.95]",gig,0.1667,0,157.83
296,"[1501.04, 1702.98, 1318.18, 2015.67, 1644.72, 460.61]",254.83,279.55,"[1429.44, 2657.53, 3454.67, 4828.74, 5906.32, 5891.17]",freelance,1.0,0,0.0
297,"[1266.75, 1252.0, 1156.62, 1166.75, 1195.82, 1223.56]",531.06,548.74,"[650.39, 769.84, 690.36, 934.74, 1182.52, 1261.79]",fixed_term,1.0,0,0.0
298,"[1160.22, 2076.84, 2455.3, 1309.61, 0.0, 1720.19]",534.68,192.49,"[397.9, 1613.09, 3061.67, 3509.56, 2686.9, 3484.57]",freelance,1.0,0,175.28
299,"[1139.84, 1056.17, 1132.24, 858.32, 999.56, 864.35]",451.98,216.32,"[505.1, 969.6, 1396.9, 1548.67, 1868.93, 2184.72]",part_time,1.0,0,0.0
300,"[530.9, 1193.62, 560.89, 0.0, 848.58, 791.6]",427.52,304.69,"[1420.98, 1826.94, 1602.25, 916.43, 1136.07, 1014.53]",gig,1.0,0,0.0
301,"[362.03, 1444.13, 505.1, 839.73, 873.23, 830.78]",257.11,475.4,"[1410.09, 2197.63, 2112.96, 2226.17, 2375.65, 2236.74]",freelance,1.0,2,0.0
302,"[669.99, 495.64, 620.25, 469.62, 950.81, 852.09]",333.66,456.49,"[170.62, -593.13, -962.38, -1035.54, -853.99, -643.8]",gig,0.1667,0,0.0
303,"[0.0, 468.05, 388.03, 642.41, 614.62, 0.0]",530.87,192.75,"[-813.97, -1136.21, -1563.35, -1830.06, -2080.53, -2938.67]",gig,0.0,2,120.62
304,"[803.11, 603.55, 663.22, 694.44, 719.94, 787.47]",454.08,453.42,"[1090.55, 815.5, 442.24, 341.77, 29.33, -148.44]",part_time,0.8333,0,31.25
305,"[712.72, 1056.4, 0.0, 1539.74, 1459.98, 1130.5]",386.84,666.29,"[251.03, 474.79, -744.45, -218.84, -256.51, 46.71]",gig,0.5,0,0.0
306,"[1420.2, 1424.39, 1263.87, 1471.13, 1290.06, 1322.87]",279.36,500.88,"[1405.69, 2259.88, 2839.01, 3473.15, 3811.85, 4245.1]",fixed_term,1.0,0,0.0
307,"[741.39, 670.2, 634.45, 384.22, 448.19, 723.4]",515.78,399.01,"[231.66, -251.31, -560.56, -1002.21, -1373.24, -1651.24]",gig,0.1667,1,0.0
308,"[657.04, 999.94, 806.21, 853.2, 623.45, 777.55]",414.31,386.93,"[95.46, 236.21, 360.18, 535.72, 284.33, 404.1]",gig,1.0,0,0.0
309,"[664.63, 413.97, 1027.61, 458.32, 946.52, 518.7]",441.84,509.49,"[1159.31, 786.37, 1014.02, 514.92, 208.29, -267.5]",gig,0.8333,0,0.0
310,"[753.23, 952.33, 917.65, 926.7, 847.3, 946.64]",255.71,585.74,"[214.79, 250.88, 345.0, 35.25, -439.76, -808.0]",part_time,0.6667,0,187.74
311,"[0.0, 1018.96, 506.4, 768.86, 624.15, 0.0]",335.55,478.9,"[-857.72, -684.13, -1252.07, -1237.71, -1652.11, -2504.62]",gig,0.0,0,130.01
312,"[2992.84, 1047.83, 0.0, 1911.64, 1425.72, 1296.64]",302.68,386.61,"[3427.72, 3883.33, 2966.37, 4183.24, 4814.32, 5410.74]",gig,1.0,0,0.0
313,"[755.78, 847.79, 444.68, 769.11, 802.33, 810.4]",480.72,254.48,"[157.38, 103.52, -242.22, -325.68, -507.99, -515.17]",freelance,0.3333,0,127.3
314,"[866.39, 844.46, 848.24, 781.71, 778.75, 855.86]",399.2,445.23,"[-12.69, -28.9, 102.29, -74.77, -209.47, 14.95]",part_time,0.6667,0,0.0
315,"[502.28, 454.96, 665.08, 541.57, 744.83, 1157.76]",339.7,367.29,"[122.27, -205.36, -414.76, -415.58, -406.22, 18.46]",gig,0.3333,0,0.0
316,"[722.37, 468.62, 562.19, 247.77, 322.6, 584.72]",254.1,511.66,"[937.22, 793.69, 521.19, 52.11, -493.33, -719.18]",gig,0.6667,0,0.0
317,"[916.72, 909.98, 935.36, 641.69, 1021.18, 0.0]",431.34,330.26,"[72.27, 253.96, 200.85, -209.4, 9.41, -711.21]",gig,0.6667,0,103.16
318,"[767.19, 1358.19, 960.4, 954.73, 1473.56, 695.77]",541.2,374.06,"[324.45, 872.32, 882.08, 833.56, 1244.25, 967.43]",gig,1.0,0,0.0
319,"[1048.52, 1124.04, 710.94, 948.0, 1095.16, 1449.58]",522.41,334.88,"[475.31, 518.63, 292.71, 499.96, 721.05, 1235.97]",gig,1.0,0,68.04
320,"[692.33, 716.58, 759.97, 576.99, 551.43, 733.6]",329.49,366.3,"[-47.47, 38.19, 155.99, 94.83, -199.79, -123.63]",part_time,0.6667,0,0.0
321,"[747.98, 1332.29, 0.0, 0.0, 1550.59, 2390.87]",451.25,380.39,"[65.83, 254.23, -515.11, -1615.53, -907.7, 226.26]",gig,0.5,2,169.21
322,"[0.0, 503.24, 551.45, 1029.24, 785.52, 679.5]",448.62,562.05,"[671.73, -78.46, -708.82, -784.07, -1214.46, -1546.87]",gig,0.1667,1,92.25
323,"[732.33, 474.07, 513.32, 390.94, 460.84, 451.43]",505.08,172.97,"[528.25, 293.76, 100.88, -143.07, -402.97, -630.82]",gig,0.5,0,0.0
324,"[573.69, 704.07, 536.36, 639.34, 683.51, 575.06]",513.36,502.98,"[1274.63, 1075.85, 461.37, -50.67, -344.56, -762.18]",part_time,0.5,2,0.0
325,"[671.15, 680.31, 760.8, 943.03, 648.38, 786.39]",257.45,440.76,"[1366.18, 1331.03, 1490.78, 1797.09, 1644.1, 1927.75]",part_time,1.0,0,0.0
326,"[951.65, 1122.44, 852.85, 960.43, 699.22, 871.16]",287.74,451.33,"[6.7, 327.55, 641.0, 1076.07, 519.8, 687.76]",part_time,1.0,0,59.1
327,"[1158.77, 1245.14, 1195.44, 1270.44, 1136.64, 1337.19]",461.58,283.73,"[645.21, 1201.36, 1641.91, 2316.49, 2520.0, 3014.35]",fixed_term,1.0,0,0.0
328,"[1058.96, 1024.35, 744.42, 1112.16, 844.82, 888.59]",273.49,254.6,"[2210.03, 2526.2, 2615.3, 2982.8, 3216.7, 3416.39]",freelance,1.0,0,174.05
329,"[637.27, 832.16, 743.25, 836.46, 771.77, 914.76]",302.16,403.97,"[-20.77, 465.62, 511.81, 709.43, 463.67, 576.02]",part_time,1.0,1,0.0
330,"[845.2, 1435.17, 1181.85, 995.71, 1323.34, 1816.86]",315.81,207.73,"[2271.99, 3176.77, 3854.49, 4320.03, 5116.53, 6330.35]",gig,1.0,0,0.0
331,"[941.96, 774.76, 0.0, 945.11, 732.83, 0.0]",300.56,382.29,"[499.62, 609.18, 99.83, 400.68, 297.89, -410.98]",gig,0.8333,0,0.0
332,"[717.34, 471.39, 901.24, 0.0, 921.72, 1378.64]",256.5,266.96,"[534.71, 444.34, 925.26, 297.22, 708.26, 1572.25]",gig,1.0,0,0.0
333,"[1012.37, 2289.42, 1352.31, 1374.49, 1251.65, 1055.59]",338.77,357.52,"[1000.06, 2377.15, 3091.55, 3778.1, 4038.19, 4394.65]",gig,1.0,0,93.16
334,"[0.0, 1365.62, 3789.29, 1573.27, 1546.91, 1514.54]",263.04,364.41,"[903.53, 1532.21, 4791.18, 5775.43, 6892.26, 7596.95]",freelance,1.0,0,0.0
335,"[782.6, 928.0, 658.65, 815.97, 1085.59, 853.13]",492.48,519.08,"[-449.55, -669.65, -1205.14, -1334.21, -920.76, -935.96]",part_time,0.0,0,0.0
336,"[1335.18, 1345.41, 0.0, 1612.44, 1870.24, 1092.25]",406.95,347.58,"[689.16, 1358.72, 391.61, 1195.5, 2453.99, 2816.97]",freelance,1.0,0,0.0
337,"[681.61, 623.79, 646.5, 596.63, 647.0, 810.08]",303.94,391.11,"[1044.85, 969.88, 1140.33, 887.3, 738.82, 693.07]",part_time,1.0,0,0.0
338,"[445.11, 0.0, 970.16, 159.29, 1199.74, 1100.58]",494.37,246.4,"[34.74, -775.36, -595.37, -1298.64, -1063.81, -658.03]",freelance,0.1667,2,83.0
339,"[861.69, 868.27, 1245.07, 451.51, 813.24, 1322.23]",418.92,213.99,"[1187.71, 1518.62, 1930.43, 1818.59, 1897.14, 2591.21]",gig,1.0,0,0.0
340,"[1029.52, 826.57, 894.87, 1056.21, 995.09, 767.46]",438.58,514.84,"[1806.76, 1689.48, 1490.09, 1389.85, 1280.42, 773.51]",part_time,1.0,0,166.65
341,"[669.59, 1891.22, 1200.32, 1331.12, 990.88, 1435.28]",315.23,212.79,"[422.59, 1835.27, 2493.45, 3318.6, 3684.52, 4607.17]",gig,1.0,0,0.0
342,"[560.4, 601.51, 693.89, 647.68, 644.82, 500.67]",462.2,340.51,"[-575.01, -982.21, -1462.46, -1771.42, -1953.54, -2286.36]",part_time,0.0,1,188.98
343,"[737.16, 468.82, 996.28, 666.54, 880.8, 0.0]",251.21,280.72,"[758.44, 702.86, 1168.01, 1337.65, 1587.3, 1052.69]",gig,1.0,1,0.0
344,"[603.89, 780.38, 775.12, 730.41, 594.34, 925.87]",318.11,267.91,"[882.27, 1027.85, 1203.61, 1375.99, 1362.21, 1780.16]",part_time,1.0,0,0.0
345,"[877.79, 574.78, 406.54, 0.0, 869.14, 0.0]",302.35,439.1,"[295.73, 8.1, -152.02, -849.72, -787.54, -1399.58]",gig,0.3333,2,0.0
346,"[915.54, 0.0, 852.61, 662.68, 1237.91, 567.58]",268.05,490.86,"[540.8, -184.85, -220.83, -260.96, 277.17, 0.29]",gig,0.5,1,0.0
347,"[722.81, 1534.64, 1362.91, 1282.56, 1083.84, 663.8]",319.67,251.83,"[432.96, 1413.23, 1983.18, 2595.47, 3155.92, 3403.2]",gig,1.0,0,0.0
348,"[864.82, 956.79, 1202.69, 1009.08, 922.29, 1043.34]",319.69,308.07,"[721.76, 939.03, 1296.4, 1501.95, 1465.51, 1786.68]",part_time,1.0,0,141.05
349,"[2063.7, 616.93, 2953.53, 1422.7, 1993.41, 2065.66]",508.04,364.51,"[1296.71, 959.6, 3051.24, 3714.58, 4971.12, 6168.92]",freelance,1.0,0,0.0
350,"[765.12, 267.28, 323.14, 0.0, 1221.16, 0.0]",375.71,264.19,"[229.75, -128.24, -367.16, -920.71, -287.86, -1205.74]",freelance,0.1667,2,0.0
351,"[799.93, 897.65, 701.52, 750.18, 866.65, 886.4]",421.76,294.35,"[1039.19, 1078.11, 1022.71, 791.15, 742.01, 732.65]",part_time,1.0,0,147.88
352,"[636.66, 673.27, 663.97, 548.58, 718.76, 575.28]",480.06,158.98,"[137.57, 8.57, -173.62, -539.48, -660.22, -895.08]",part_time,0.3333,0,192.76
353,"[0.0, 627.79, 706.85, 558.58, 0.0, 788.22]",272.09,607.49,"[-473.37, -580.68, -811.44, -1418.98, -2243.09, -2247.99]",gig,0.0,1,0.0
354,"[557.2, 829.1, 875.86, 739.53, 855.27, 775.62]",496.68,183.17,"[1536.17, 1476.37, 1417.57, 1234.41, 1184.16, 1190.17]",part_time,1.0,0,197.8
355,"[647.95, 692.73, 725.71, 669.19, 711.04, 656.47]",343.45,444.32,"[-295.89, -222.29, -316.27, -312.08, -337.05, -495.04]",part_time,0.0,0,0.0
356,"[986.38, 799.84, 820.47, 582.44, 0.0, 784.66]",416.28,353.85,"[687.23, 742.19, 866.74, 597.03, 62.02, -175.31]",gig,0.8333,0,0.0
357,"[449.38, 1776.69, 1211.39, 1063.22, 421.64, 1709.02]",459.55,360.17,"[-300.33, 592.84, 1127.29, 1297.27, 984.19, 1919.32]",freelance,0.8333,1,0.0
358,"[688.11, 765.89, 782.16, 726.09, 649.87, 753.18]",428.56,389.42,"[236.6, 31.67, 117.45, -54.55, -122.64, -94.12]",part_time,0.5,0,0.0
359,"[779.52, 877.77, 557.67, 643.36, 0.0, 770.07]",262.63,563.83,"[-251.23, -436.31, -568.54, -721.25, -1283.6, -1277.26]",gig,0.0,1,0.0
360,"[740.06, 680.15, 704.91, 569.2, 667.58, 675.13]",258.43,202.15,"[530.22, 722.37, 879.52, 1063.64, 1259.46, 1472.1]",part_time,1.0,0,0.0
361,"[0.0, 375.79, 305.95, 943.47, 580.52, 487.21]",254.6,581.66,"[-951.2, -1287.18, -1585.99, -1339.78, -1518.26, -2119.47]",gig,0.0,1,0.0
362,"[955.8, 933.6, 771.34, 804.59, 761.88, 809.96]",439.66,229.25,"[656.59, 920.98, 941.49, 1163.08, 1250.1, 1331.8]",part_time,1.0,0,0.0
363,"[1521.61, 0.0, 2372.27, 1855.54, 1926.6, 826.29]",396.07,382.49,"[751.87, -106.48, 1330.4, 2443.33, 3600.5, 3612.36]",freelance,0.8333,0,69.73
364,"[1154.21, 1215.8, 1536.1, 0.0, 0.0, 1404.33]",267.61,382.94,"[455.1, 931.32, 1494.57, 723.73, 34.33, 811.21]",gig,1.0,0,103.83
365,"[1146.11, 1173.0, 1175.22, 1157.07, 1153.1, 1136.63]",395.41,423.0,"[871.24, 1296.91, 1821.9, 1909.31, 2342.25, 2649.35]",fixed_term,1.0,0,0.0
366,"[1085.87, 926.49, 834.07, 1059.84, 994.16, 1240.51]",477.16,217.95,"[1783.01, 1967.75, 2146.33, 2581.99, 2848.24, 3414.09]",part_time,1.0,0,0.0
367,"[673.11, 397.41, 406.64, 692.11, 969.4, 742.12]",411.48,480.58,"[-168.6, -770.75, -1244.38, -1511.83, -1490.32, -1677.81]",gig,0.0,1,62.35
368,"[767.96, 689.91, 782.41, 745.42, 648.37, 761.37]",267.09,159.4,"[160.66, 131.82, 322.13, 481.33, 580.53, 748.33]",part_time,1.0,0,187.69
369,"[1411.07, 1305.28, 0.0, 2995.7, 1328.81, 1168.47]",389.43,404.73,"[1084.97, 1872.06, 1058.2, 3411.61, 3714.27, 3852.04]",freelance,1.0,0,0.0
370,"[1538.21, 519.84, 0.0, 2157.8, 613.57, 1154.49]",447.41,159.29,"[1244.63, 1164.3, 550.53, 2152.82, 2165.79, 2673.39]",freelance,1.0,1,0.0
371,"[1186.58, 709.67, 920.71, 1561.55, 801.65, 788.58]",348.15,230.04,"[643.63, 835.0, 1270.24, 2225.22, 2400.52, 2579.66]",gig,1.0,0,0.0
372,"[0.0, 1122.59, 1317.96, 1052.17, 863.3, 1041.67]",478.51,356.06,"[-283.22, -0.19, 590.25, 766.51, 801.42, 852.4]",gig,0.8333,0,0.0
373,"[1473.39, 752.52, 2151.82, 1604.26, 1368.66, 837.96]",253.12,378.11,"[1037.16, 1300.43, 2721.04, 3414.09, 4156.11, 4313.67]",freelance,1.0,0,51.19
374,"[641.92, 482.04, 404.14, 405.57, 503.95, 415.23]",414.19,514.77,"[783.02, 260.81, -288.94, -1182.82, -2086.67, -2543.9]",gig,0.3333,2,147.96
375,"[795.05, 630.08, 719.26, 692.05, 600.31, 580.62]",456.03,270.12,"[272.06, 86.65, -107.3, -286.99, -614.49, -907.53]",part_time,0.3333,0,157.57
376,"[747.54, 0.0, 606.96, 282.17, 513.35, 0.0]",490.58,478.12,"[916.07, 7.87, -886.84, -1547.68, -1878.39, -2830.84]",gig,0.3333,2,0.0
377,"[0.0, 1502.48, 0.0, 1709.99, 2055.62, 1928.4]",468.51,225.56,"[-598.94, 224.55, -558.26, 532.36, 1845.27, 3235.69]",gig,0.6667,1,0.0
378,"[389.47, 1305.87, 0.0, 1856.11, 623.06, 540.88]",472.77,190.21,"[1411.96, 2086.35, 1396.65, 2573.29, 2505.82, 2373.44]",freelance,1.0,0,0.0
379,"[1712.1, 1216.16, 1393.39, 637.31, 2632.68, 1687.87]",272.77,295.23,"[1404.01, 2012.36, 2805.46, 2889.38, 4941.75, 6032.28]",freelance,1.0,0,0.0
380,"[0.0, 991.03, 635.78, 795.08, 997.18, 923.41]",374.28,591.96,"[-684.73, -653.15, -1008.88, -1303.49, -1210.85, -1277.12]",gig,0.0,1,0.0
381,"[1033.02, 658.79, 2034.4, 1112.55, 876.54, 651.04]",293.55,217.93,"[1625.0, 1714.06, 2979.28, 3477.86, 3549.97, 3568.0]",freelance,1.0,0,177.0
382,"[1347.33, 975.15, 802.12, 1258.72, 3792.25, 1582.6]",518.29,392.3,"[642.28, 956.92, 1003.76, 1317.19, 4233.11, 4616.32]",freelance,1.0,0,0.0
383,"[0.0, 1538.31, 1418.7, 2638.95, 1507.08, 613.77]",430.97,239.8,"[-763.2, 102.93, 793.5, 2738.72, 3566.68, 3475.77]",gig,0.8333,0,36.82
384,"[803.21, 715.5, 849.31, 723.07, 640.76, 754.26]",468.82,544.21,"[-40.04, -78.26, -238.75, -507.48, -1065.96, -1696.91]",part_time,0.1667,0,78.12
385,"[1635.96, 1598.47, 1537.49, 1397.05, 1599.58, 1703.84]",446.51,420.24,"[1139.83, 1978.07, 2606.94, 3173.45, 3740.39, 4721.19]",fixed_term,1.0,0,0.0
386,"[430.63, 373.67, 463.16, 790.58, 437.61, 643.5]",448.98,337.61,"[295.94, -205.75, -650.9, -954.29, -1434.67, -1765.83]",gig,0.1667,0,148.39
387,"[1054.32, 985.84, 389.84, 1320.52, 922.0, 995.48]",457.13,287.91,"[1764.81, 1864.22, 1488.76, 1881.45, 2172.69, 2459.1]",freelance,1.0,0,0.0
388,"[1125.67, 1679.75, 895.91, 574.73, 1284.08, 1359.62]",425.65,371.87,"[1733.98, 2728.61, 2596.59, 2201.56, 2680.18, 3066.99]",gig,1.0,0,125.09
389,"[1246.86, 1227.96, 2283.54, 1389.82, 1515.11, 2008.36]",328.5,422.86,"[806.88, 1123.01, 2298.26, 2902.23, 3620.14, 4650.45]",freelance,1.0,0,145.72
390,"[1390.3, 905.85, 1224.21, 1221.8, 1627.86, 849.56]",387.04,434.11,"[502.64, 343.43, 718.63, 975.54, 1542.36, 1603.08]",gig,1.0,0,147.27
391,"[929.82, 1025.55, 991.31, 1052.89, 941.54, 973.01]",318.16,496.59,"[130.32, 135.62, 655.84, 649.25, 562.75, 590.35]",fixed_term,1.0,0,98.57
392,"[698.38, 689.43, 397.9, 860.2, 654.5, 657.45]",388.99,486.77,"[1326.92, 1220.91, 475.51, 632.82, 213.24, -3.48]",gig,1.0,0,0.0
393,"[1224.9, 1255.0, 1263.72, 1235.67, 1140.75, 1181.27]",514.68,330.74,"[617.47, 1243.18, 1594.94, 2048.74, 1933.79, 2233.5]",fixed_term,1.0,0,41.65
394,"[0.0, 757.46, 1881.59, 798.92, 1266.19, 824.57]",332.49,460.13,"[139.57, 191.48, 1133.37, 1233.52, 1782.1, 1604.14]",gig,1.0,0,0.0
395,"[774.59, 608.25, 497.44, 407.72, 514.29, 690.57]",548.3,226.74,"[307.44, 192.31, -138.55, -521.53, -751.39, -886.08]",part_time,0.3333,1,0.0
396,"[726.78, 803.48, 833.95, 757.17, 938.5, 713.35]",536.15,274.46,"[38.06, -33.52, 144.19, -13.25, 277.82, 147.94]",part_time,1.0,0,0.0
397,"[0.0, 1462.0, 855.67, 1175.43, 1266.33, 1174.49]",510.4,303.23,"[-202.2, 523.1, 570.3, 812.06, 1296.72, 1547.5]",gig,0.8333,1,0.0
398,"[858.8, 887.13, 611.02, 829.9, 747.35, 867.7]",358.78,245.8,"[706.51, 968.39, 1053.4, 1235.64, 1345.05, 1659.54]",part_time,1.0,0,0.0
399,"[978.99, 0.0, 3071.55, 1889.62, 973.21, 1583.43]",384.97,497.18,"[683.51, -233.51, 1897.6, 2746.16, 2933.66, 3674.99]",freelance,0.8333,0,0.0
400,"[820.66, 735.46, 898.94, 918.32, 1085.95, 892.95]",346.94,469.92,"[252.23, 347.28, 369.09, 580.66, 1144.42, 834.56]",part_time,1.0,0,0.0
401,"[0.0, 0.0, 1048.03, 0.0, 457.7, 509.36]",309.35,246.37,"[32.91, -453.2, 47.72, -655.66, -736.19, -798.33]",gig,0.3333,0,0.0
402,"[797.61, 965.73, 1027.63, 861.13, 960.01, 1012.46]",473.47,396.51,"[1472.43, 1779.68, 1911.1, 1768.28, 2001.02, 2051.89]",part_time,1.0,0,0.0
403,"[566.12, 428.4, 505.18, 883.03, 0.0, 692.34]",522.28,286.95,"[-146.28, -404.26, -692.17, -663.09, -1480.73, -1685.66]",gig,0.0,0,0.0
404,"[707.3, 543.39, 765.36, 456.48, 0.0, 511.5]",273.82,523.4,"[17.13, -527.36, -638.45, -921.28, -1733.67, -2276.02]",gig,0.1667,1,91.28
405,"[462.42, 0.0, 700.31, 788.52, 522.6, 960.51]",484.39,408.32,"[32.23, -1042.21, -1523.55, -1654.66, -2334.38, -2231.0]",gig,0.1667,2,116.67
406,"[1691.69, 1604.19, 632.88, 2099.66, 2417.21, 1411.12]",406.25,625.26,"[1020.71, 1347.84, 992.12, 2292.46, 3588.81, 3740.46]",freelance,1.0,0,0.0
407,"[907.32, 904.77, 0.0, 573.92, 0.0, 0.0]",448.83,277.69,"[1159.8, 1337.7, 559.89, 450.08, -223.69, -1003.29]",gig,0.6667,1,0.0
408,"[576.92, 561.72, 460.24, 0.0, 624.28, 593.34]",502.43,598.9,"[657.71, -232.07, -1055.9, -2431.76, -2948.61, -3614.31]",gig,0.1667,2,186.03
409,"[812.89, 747.28, 750.57, 752.16, 670.07, 771.64]",276.96,366.11,"[321.27, 438.74, 426.71, 581.43, 647.89, 671.21]",part_time,1.0,0,0.0
410,"[1116.78, 1141.56, 1011.34, 1304.75, 1392.95, 1159.97]",305.53,244.81,"[1006.02, 1578.73, 1766.98, 2668.53, 3565.92, 4255.05]",gig,1.0,0,0.0
411,"[1052.71, 1065.14, 988.47, 914.62, 1069.11, 960.24]",317.49,238.33,"[1225.03, 1681.5, 2135.76, 2550.34, 3008.82, 3410.56]",fixed_term,1.0,0,0.0
412,"[1096.64, 1083.04, 1081.36, 1211.46, 1150.69, 1097.54]",451.33,207.86,"[1231.9, 1643.4, 2171.68, 2865.23, 3171.31, 3496.21]",fixed_term,1.0,0,0.0
413,"[875.73, 962.03, 1004.85, 1192.01, 787.1, 947.18]",280.68,245.24,"[290.24, 291.84, 641.11, 1309.1, 1426.04, 1858.52]",part_time,1.0,0,134.82
414,"[979.24, 935.24, 1007.95, 1104.52, 963.02, 940.59]",386.25,221.11,"[1735.12, 1890.79, 2122.57, 2546.11, 2859.51, 3190.22]",part_time,1.0,0,75.96
415,"[660.36, 706.8, 611.17, 575.7, 717.13, 654.43]",336.21,243.95,"[597.73, 820.01, 779.68, 819.13, 861.61, 894.66]",part_time,1.0,0,0.0
416,"[692.19, 750.77, 996.19, 568.59, 841.92, 1003.72]",462.92,415.63,"[322.49, 9.92, 167.63, -22.58, -40.28, 51.03]",part_time,1.0,0,0.0
417,"[943.14, 0.0, 2142.99, 872.83, 441.71, 1219.0]",434.19,390.68,"[373.82, -404.38, 820.55, 975.3, 831.6, 1108.68]",freelance,0.8333,1,0.0
418,"[973.71, 881.38, 801.58, 879.53, 907.23, 905.76]",515.03,281.32,"[433.82, 630.62, 631.97, 801.72, 880.47, 863.73]",part_time,1.0,0,0.0
419,"[1248.82, 869.02, 794.92, 988.99, 946.23, 777.39]",425.99,444.44,"[452.64, 405.94, 420.09, 533.88, 581.98, 530.31]",part_time,1.0,0,0.0
420,"[0.0, 705.49, 490.01, 586.11, 0.0, 490.44]",274.16,494.1,"[-167.43, -147.15, -926.38, -907.59, -1659.88, -1874.19]",gig,0.0,1,0.0
421,"[2040.93, 2019.01, 1206.0, 1326.79, 1197.26, 1920.54]",410.65,471.97,"[1468.54, 2664.5, 3026.69, 3486.01, 3535.98, 4689.93]",freelance,1.0,0,0.0
422,"[875.97, 741.64, 1398.84, 408.6, 1306.05, 0.0]",280.38,518.95,"[155.61, -90.52, 274.73, -65.62, 224.08, -735.19]",freelance,0.5,2,178.09
423,"[1071.49, 932.72, 797.2, 1108.83, 1059.66, 1417.69]",514.45,535.87,"[1184.06, 906.86, 620.1, 559.08, 454.68, 568.91]",gig,1.0,0,117.25
424,"[744.39, 802.81, 819.61, 607.45, 722.8, 796.99]",254.0,559.43,"[808.14, 935.6, 934.74, 893.97, 627.42, 620.4]",part_time,1.0,0,0.0
425,"[717.08, 758.0, 819.93, 636.14, 881.2, 840.12]",317.66,445.7,"[145.63, -287.45, -210.83, -430.04, -161.2, -5.26]",gig,0.3333,0,44.73
426,"[495.04, 496.46, 443.88, 703.86, 557.21, 769.87]",298.73,308.89,"[509.06, 303.43, 120.46, -61.26, -116.24, -156.48]",gig,0.5,0,96.82
427,"[932.8, 1131.03, 1081.2, 961.14, 960.87, 888.25]",469.86,326.82,"[866.41, 1136.97, 1423.68, 1597.56, 1615.33, 1839.21]",part_time,1.0,0,0.0
428,"[992.77, 988.24, 973.04, 870.92, 919.42, 1051.37]",267.91,296.67,"[614.81, 1148.09, 1748.9, 2016.22, 2442.72, 2785.36]",part_time,1.0,0,0.0
429,"[613.02, 648.03, 831.72, 899.19, 668.17, 612.97]",429.66,329.68,"[103.58, -197.34, -59.68, 165.38, 96.07, -169.51]",part_time,0.5,1,0.0
430,"[1476.63, 866.71, 2011.41, 1293.96, 0.0, 3385.27]",539.18,489.32,"[2177.84, 2315.04, 3229.43, 3678.22, 2618.57, 4843.05]",freelance,1.0,0,0.0
431,"[1128.09, 1003.12, 971.13, 1064.88, 1045.29, 961.37]",418.95,524.14,"[271.11, 436.09, 170.54, 495.35, 733.03, 785.21]",fixed_term,1.0,0,0.0
432,"[800.29, 2041.73, 864.24, 1172.63, 2922.39, 0.0]",276.2,252.34,"[806.26, 2281.49, 2470.93, 2852.15, 5137.44, 4427.09]",freelance,1.0,1,172.79
433,"[890.45, 812.98, 768.96, 1193.76, 416.64, 1608.09]",398.24,412.26,"[8.75, -292.62, -526.12, -220.38, -566.0, -51.59]",freelance,0.1667,0,167.0
434,"[867.88, 770.0, 652.12, 577.68, 988.17, 777.19]",292.98,534.37,"[182.52, 320.68, 464.86, -31.59, 62.28, -85.58]",gig,0.8333,0,0.0
435,"[1071.43, 1022.81, 1645.54, 1433.65, 4836.13, 1072.59]",310.58,383.61,"[1659.59, 1900.89, 2786.46, 3657.49, 7820.46, 8067.69]",freelance,1.0,0,0.0
436,"[898.06, 828.93, 812.18, 757.09, 599.83, 723.11]",487.94,192.63,"[407.5, 445.22, 539.33, 577.99, 290.64, 111.94]",part_time,1.0,0,146.34
437,"[1255.96, 852.57, 0.0, 1087.82, 2289.32, 0.0]",335.96,430.81,"[686.06, 840.82, -97.11, 414.4, 1986.52, 1098.63]",freelance,0.8333,0,0.0
438,"[892.89, 1002.82, 845.5, 879.72, 1006.47, 972.78]",323.34,292.88,"[2142.25, 2352.71, 2616.29, 2962.47, 3472.62, 3655.45]",part_time,1.0,0,0.0
439,"[878.32, 919.45, 947.79, 968.55, 981.22, 971.84]",461.61,173.85,"[644.71, 920.46, 1204.58, 1535.93, 1839.76, 2227.02]",part_time,1.0,0,0.0
440,"[1261.63, 648.55, 1051.9, 1062.79, 721.82, 861.09]",525.03,437.71,"[408.42, -13.76, 149.85, 355.23, -51.11, -53.78]",part_time,0.6667,0,0.0
441,"[788.11, 688.63, 1080.31, 1420.32, 763.09, 809.3]",255.98,317.95,"[2169.54, 2240.42, 2721.9, 3406.85, 3634.85, 4018.58]",gig,1.0,0,0.0
442,"[931.5, 855.61, 1095.19, 1060.78, 1065.78, 951.15]",422.98,251.68,"[603.38, 898.13, 1431.87, 1865.0, 2149.74, 2242.98]",part_time,1.0,0,0.0
443,"[790.11, 0.0, 1138.03, 615.17, 1316.13, 1526.12]",313.8,232.68,"[1670.72, 1095.34, 1534.14, 1485.74, 2127.3, 2942.2]",gig,1.0,0,119.56
444,"[3276.9, 634.02, 1040.35, 1954.78, 2768.59, 2804.34]",353.11,255.01,"[3382.15, 3378.65, 3807.1, 5081.54, 7313.67, 9558.42]",freelance,1.0,0,0.0
445,"[677.2, 646.47, 617.03, 677.8, 481.57, 777.76]",481.27,376.06,"[230.14, 35.73, -245.18, -597.91, -849.89, -978.2]",part_time,0.3333,0,0.0
446,"[929.21, 1111.76, 1045.18, 897.29, 752.55, 878.48]",330.39,185.39,"[646.1, 1210.36, 1730.53, 2106.95, 2374.56, 2743.73]",part_time,1.0,0,0.0
447,"[709.3, 1148.81, 863.89, 0.0, 837.61, 1611.47]",398.69,388.59,"[464.25, 899.54, 1082.86, -56.6, 82.16, 893.17]",gig,0.8333,0,0.0
448,"[1425.09, 1370.94, 1320.34, 1388.36, 1398.44, 1417.6]",474.49,525.23,"[2371.95, 2653.04, 2864.24, 3117.46, 3671.38, 3782.08]",fixed_term,1.0,0,84.8
449,"[1212.69, 645.25, 1305.73, 1034.44, 1299.92, 505.03]",429.44,197.81,"[2078.77, 2037.46, 2770.01, 3096.06, 3725.08, 3579.78]",gig,1.0,0,51.48
450,"[666.68, 834.98, 780.56, 706.07, 894.01, 642.23]",296.08,473.69,"[76.02, 150.89, -24.72, 47.39, -152.37, -326.69]",gig,0.6667,1,110.37
451,"[674.49, 843.21, 541.56, 847.76, 747.9, 686.59]",314.33,432.72,"[-36.56, 206.16, -121.74, -350.29, -710.06, -856.6]",gig,0.3333,0,126.14
452,"[1022.98, 973.71, 1006.73, 1034.3, 1002.06, 961.82]",410.27,193.66,"[1610.99, 1990.7, 2434.3, 2896.07, 3279.25, 3616.62]",fixed_term,1.0,0,0.0
453,"[1467.76, 1222.86, 1368.41, 1155.79, 1332.96, 1447.79]",284.24,252.24,"[1272.28, 1858.17, 2575.7, 3039.86, 3811.19, 4860.41]",fixed_term,1.0,0,50.81
454,"[1221.74, 1230.54, 1183.23, 1226.54, 1256.47, 1219.62]",291.75,290.72,"[1043.84, 1744.71, 2306.22, 2930.31, 3603.73, 4227.54]",fixed_term,1.0,0,0.0
455,"[426.21, 1519.87, 861.93, 0.0, 1728.31, 787.38]",263.97,289.38,"[575.23, 1511.53, 1696.42, 1269.59, 2387.75, 2668.84]",freelance,1.0,0,0.0
456,"[1333.73, 1121.96, 0.0, 2853.69, 1055.71, 1137.76]",260.54,568.66,"[656.79, 931.47, 145.91, 2201.36, 2315.35, 2532.51]",freelance,1.0,0,0.0
457,"[1463.08, 1439.38, 1515.72, 1490.35, 1413.57, 1497.78]",469.67,266.55,"[865.8, 1592.64, 2378.07, 3025.55, 3851.52, 4624.33]",fixed_term,1.0,0,0.0
458,"[1364.52, 1335.16, 0.0, 1709.58, 0.0, 0.0]",494.91,514.71,"[1779.96, 2340.35, 1195.23, 2069.16, 826.24, -66.57]",gig,0.8333,0,0.0
459,"[1090.05, 2171.78, 0.0, 2206.78, 1583.85, 1842.5]",290.1,474.95,"[676.55, 2171.52, 1573.68, 3131.25, 3917.68, 4840.3]",freelance,1.0,1,0.0
460,"[776.21, 645.64, 711.69, 783.19, 596.22, 718.84]",501.33,183.86,"[74.64, -105.81, -236.82, -279.53, -420.43, -383.1]",part_time,0.1667,0,96.43
461,"[850.47, 729.63, 934.76, 955.67, 918.06, 980.13]",393.68,360.03,"[950.73, 906.94, 1262.4, 1436.0, 1588.79, 1742.94]",gig,1.0,0,0.0
462,"[587.9, 756.99, 801.38, 629.89, 670.44, 449.72]",310.58,338.68,"[1722.55, 1827.12, 1923.25, 2040.99, 2025.88, 1722.72]",part_time,1.0,0,0.0
463,"[1250.62, 1048.8, 1274.36, 1334.11, 921.62, 608.66]",519.43,385.51,"[378.38, 525.1, 945.38, 1372.8, 1534.64, 1291.52]",freelance,1.0,0,0.0
464,"[1137.94, 882.71, 0.0, 929.63, 876.11, 445.97]",449.72,561.72,"[-22.07, -15.74, -856.05, -963.29, -1225.69, -1667.62]",gig,0.3333,1,0.0
465,"[635.31, 678.64, 697.59, 657.46, 502.73, 665.93]",392.49,319.17,"[-116.01, -67.81, -283.21, -348.21, -735.55, -885.65]",part_time,0.0,0,84.0
466,"[1985.65, 1554.49, 2438.38, 0.0, 2708.22, 2559.5]",326.29,288.57,"[1861.36, 2776.95, 4734.8, 4127.64, 6168.39, 8021.72]",freelance,1.0,0,0.0
467,"[662.14, 1206.37, 1602.65, 0.0, 2390.09, 0.0]",520.61,295.47,"[848.1, 1085.51, 1785.17, 819.39, 2356.33, 1551.99]",freelance,1.0,0,74.93
468,"[936.94, 943.67, 974.37, 995.78, 1005.74, 892.91]",335.58,395.34,"[780.87, 1023.5, 1411.64, 1588.31, 1694.54, 1981.5]",part_time,1.0,0,0.0
469,"[892.09, 920.91, 873.67, 829.64, 834.2, 865.35]",397.9,324.37,"[783.95, 843.03, 1070.18, 1166.18, 1306.59, 1575.9]",part_time,1.0,0,0.0
470,"[801.77, 875.32, 805.87, 746.7, 971.5, 884.31]",379.84,364.48,"[101.62, 375.34, 518.24, 393.54, 591.07, 667.43]",part_time,1.0,0,0.0
471,"[1391.17, 1392.71, 1403.18, 1471.35, 1507.55, 1443.57]",430.27,458.27,"[1051.3, 1438.37, 1860.95, 2264.93, 3068.82, 3629.26]",fixed_term,1.0,0,0.0
472,"[636.41, 735.09, 811.15, 706.86, 562.83, 731.7]",421.6,253.75,"[1802.16, 1691.77, 1732.9, 1887.29, 1805.2, 1831.48]",part_time,1.0,0,0.0
473,"[610.01, 698.93, 684.8, 550.62, 678.35, 603.0]",265.46,235.92,"[1048.21, 1255.21, 1484.53, 1552.5, 1659.89, 1828.52]",part_time,1.0,0,0.0
474,"[834.49, 896.9, 819.87, 713.41, 679.69, 830.63]",429.14,161.32,"[1161.19, 1544.43, 1866.59, 1943.34, 2110.95, 2198.53]",part_time,1.0,0,0.0
475,"[931.09, 844.62, 795.06, 905.0, 749.42, 941.88]",541.95,275.31,"[560.98, 400.32, 459.28, 644.57, 468.25, 682.23]",part_time,1.0,0,0.0
476,"[617.29, 633.45, 502.77, 680.54, 568.35, 704.4]",277.45,390.85,"[46.43, -181.7, -446.96, -482.98, -687.64, -964.11]",part_time,0.1667,1,146.46
477,"[1745.42, 2527.2, 1402.14, 1402.35, 1447.53, 1740.56]",333.01,615.95,"[1393.22, 2942.45, 3430.22, 3798.3, 4592.47, 5046.33]",freelance,1.0,0,0.0
478,"[1245.26, 1515.54, 0.0, 1212.64, 1599.29, 973.77]",543.08,435.11,"[2080.68, 2299.8, 1363.05, 1782.56, 2331.5, 2529.78]",gig,1.0,0,0.0
479,"[859.13, 806.29, 865.91, 803.94, 848.31, 835.65]",429.69,420.29,"[66.05, -50.71, -38.79, -279.32, -82.78, -42.4]",part_time,0.5,0,31.05
480,"[1458.19, 1459.8, 1559.42, 1419.41, 1358.32, 1397.22]",327.1,471.55,"[1604.82, 2272.5, 3255.34, 3693.33, 4146.29, 4662.89]",fixed_term,1.0,0,0.0
481,"[578.98, 734.97, 674.01, 681.86, 575.26, 540.1]",420.63,308.63,"[-82.64, -285.74, -253.74, -178.95, -389.86, -570.74]",part_time,0.0,0,0.0
482,"[817.8, 1814.32, 1691.63, 1111.34, 3371.0, 1234.02]",378.17,133.56,"[353.97, 1743.42, 2862.84, 3515.45, 6414.73, 7100.79]",freelance,1.0,1,0.0
483,"[1238.19, 1196.62, 1135.95, 1115.99, 1214.25, 1281.22]",449.99,524.91,"[1096.56, 1074.72, 1309.64, 1477.56, 1906.86, 2167.51]",fixed_term,1.0,0,0.0
484,"[838.39, 593.32, 717.07, 636.23, 487.4, 687.87]",407.54,369.03,"[493.69, 297.13, 127.03, 82.33, -143.71, -236.28]",part_time,0.6667,1,0.0
485,"[1013.32, 1049.17, 754.57, 1512.36, 1442.49, 1773.61]",436.98,161.67,"[1433.85, 1897.15, 2149.25, 3090.12, 3930.95, 5025.62]",gig,1.0,0,0.0
486,"[827.59, 817.54, 633.26, 584.36, 600.55, 657.36]",363.73,429.9,"[1071.93, 998.14, 1028.46, 734.64, 469.33, 492.35]",part_time,1.0,0,0.0
487,"[1145.09, 1111.54, 1112.04, 1150.71, 1170.91, 1180.78]",505.21,166.29,"[619.69, 1065.12, 1505.76, 1964.2, 2394.29, 2950.87]",fixed_term,1.0,1,0.0
488,"[450.96, 580.32, 1185.95, 0.0, 1774.05, 409.66]",543.54,503.34,"[-172.45, -301.42, -122.82, -1321.69, -523.36, -1555.54]",gig,0.0,0,0.0
489,"[785.25, 1275.8, 839.23, 0.0, 863.86, 1097.88]",491.72,238.17,"[941.5, 1550.15, 1526.28, 848.46, 904.6, 1260.93]",gig,1.0,0,0.0
490,"[881.14, 1246.85, 1110.79, 590.43, 1540.41, 758.69]",546.44,551.86,"[464.11, 648.03, 443.38, -191.64, 637.91, 34.87]",gig,0.8333,0,0.0
491,"[962.83, 0.0, 0.0, 885.53, 757.51, 746.26]",426.73,415.0,"[358.14, -142.38, -1180.72, -1141.38, -1099.95, -1352.38]",gig,0.1667,0,0.0
492,"[0.0, 978.95, 880.33, 1303.41, 1764.18, 764.04]",486.92,330.53,"[-270.37, 0.2, -65.5, 429.54, 1465.02, 1401.95]",gig,0.6667,0,0.0
493,"[1115.19, 894.76, 866.16, 1244.33, 1291.77, 970.12]",538.02,237.44,"[365.96, 307.5, 281.87, 496.66, 893.66, 914.33]",gig,1.0,0,179.1
494,"[1353.8, 0.0, 1404.91, 2338.19, 1092.95, 0.0]",438.05,427.33,"[903.44, -48.55, 487.64, 2010.64, 1800.04, 835.57]",freelance,1.0,0,60.32
495,"[531.9, 987.89, 0.0, 703.92, 0.0, 0.0]",380.13,203.91,"[413.6, 678.51, -191.32, -277.02, -974.28, -1685.57]",gig,0.3333,1,162.18
496,"[762.14, 0.0, 3301.39, 1580.55, 369.9, 1211.59]",492.66,393.34,"[614.27, -277.36, 2019.43, 2754.43, 2191.43, 2409.03]",freelance,0.8333,0,0.0
497,"[993.86, 882.98, 968.91, 1012.97, 953.92, 883.67]",398.29,433.15,"[285.13, 309.68, 273.41, 655.9, 509.74, 497.92]",fixed_term,1.0,0,80.09
498,"[1170.02, 0.0, 499.45, 1785.62, 1027.02, 0.0]",353.4,592.51,"[615.78, -267.49, -1064.39, -422.84, -79.9, -1272.19]",gig,0.1667,0,55.26
499,"[1424.16, 1364.01, 1020.03, 1618.49, 1241.31, 881.63]",297.7,142.67,"[1410.58, 2329.15, 2994.71, 4097.81, 4979.96, 5361.43]",freelance,1.0,0,0.0
